Date,Open,High,Low,Close,Volume,label
2014-03-27,28.4,28.4,27.646,27.923,261040,27.0475
2014-03-28,28.06,28.3215,27.9335,27.9995,820060,26.53
2014-03-31,28.3445,28.35,27.8465,27.8485,215440,26.626
2014-04-01,27.9355,28.4225,27.9355,28.358,158640,26.822
2014-04-02,29.9995,30.2415,28.1095,28.35,2933940,27.827
2014-04-03,28.4925,29.364,28.2065,28.487,101750000,26.805
2014-04-04,28.7325,28.8885,27.15,27.157,127552000,26.431
2014-04-07,27.037,27.424,26.3575,26.9075,87374340,26.7405
2014-04-08,27.1535,27.75,27.0805,27.745,62971260,26.347
2014-04-09,27.9885,28.2685,27.6475,28.207,66471580,26.258
2014-04-10,28.2495,28.25,26.995,27.0475,80542260,25.809
2014-04-11,26.625,27.0,26.3265,26.53,78312940,25.8575
2014-04-14,26.887,27.205,26.478,26.626,51307820,26.385
2014-04-15,26.841,26.9225,25.923,26.822,76925340,26.333
2014-04-16,27.15,27.85,27.0,27.827,97394900,26.5675
2014-04-17,27.4405,27.475,26.5575,26.805,135851860,26.3965
2014-04-21,26.805,26.835,26.28,26.431,51198480,26.3905
2014-04-22,26.432,26.8615,26.3755,26.7405,47179860,25.757
2014-04-23,26.6895,26.6935,26.3125,26.347,40997740,25.498
2014-04-24,26.4985,26.5825,26.106,26.258,37587520,25.55
2014-04-25,26.1255,26.235,25.771,25.809,41939940,25.9365
2014-04-28,25.8775,25.93,25.14,25.8575,66511300,26.496
2014-04-29,25.8455,26.473,25.816,26.385,53836980,26.6545
2014-04-30,26.38,26.4,26.126,26.333,34928100,26.3325
2014-05-01,26.3575,26.6465,26.194,26.5675,38008220,25.999
2014-05-02,26.688,26.7,26.2805,26.3965,33696220,26.0315
2014-05-05,26.2365,26.445,26.066,26.3905,20426020,26.443
2014-05-06,26.2615,26.3405,25.753,25.757,32948700,26.4885
2014-05-07,25.7895,25.834,25.165,25.498,64315620,26.947
2014-05-08,25.4205,25.8615,25.3225,25.55,40315380,27.253
2014-05-09,25.5375,25.995,25.21,25.9365,48653420,27.635
2014-05-12,26.1755,26.5095,25.9505,26.496,38150240,28.2975
2014-05-13,26.5445,26.8035,26.4755,26.6545,32963340,28.084
2014-05-14,26.65,26.65,26.2645,26.3325,23835080,28.004
2014-05-15,26.285,26.2935,25.871,25.999,34043340,27.9945
2014-05-16,26.0695,26.09,25.772,26.0315,29624860,27.6965
2014-05-19,25.985,26.489,25.879,26.443,25524240,27.247
2014-05-20,26.487,26.8115,26.315,26.4885,35597560,27.233
2014-05-21,26.645,26.959,26.5955,26.947,23860740,27.695
2014-05-22,27.0565,27.38,27.039,27.253,32228160,27.8165
2014-05-23,27.363,27.682,27.185,27.635,38586560,28.106
2014-05-27,27.8,28.3,27.7175,28.2975,41996740,28.0275
2014-05-28,28.2285,28.392,28.05,28.084,32952600,27.942
2014-05-29,28.1735,28.2,27.9355,28.004,27011520,27.5675
2014-05-30,28.04,28.0675,27.7955,27.9945,35324240,27.588
2014-06-02,28.035,28.045,27.2865,27.6965,28699280,27.214
2014-06-03,27.5325,27.617,27.1275,27.247,37235140,27.1505
2014-06-04,27.075,27.4305,26.9375,27.233,36233660,27.6685
2014-06-05,27.281,27.7475,27.2225,27.695,33691680,27.745
2014-06-06,27.903,27.903,27.4465,27.8165,34644600,27.818
2014-06-09,27.8495,28.145,27.802,28.106,30515320,28.2475
2014-06-10,28.0255,28.18,27.895,28.0275,26988000,28.231
2014-06-11,27.9,27.994,27.751,27.942,21943200,28.9325
2014-06-12,27.8815,27.8995,27.423,27.5675,29123900,28.8
2014-06-13,27.6125,27.615,27.278,27.588,24343020,28.862
2014-06-16,27.463,27.481,27.076,27.214,34078940,28.764
2014-06-17,27.21,27.266,26.9665,27.1505,28916300,29.1335
2014-06-18,27.243,27.678,27.2,27.6685,34742260,29.117
2014-06-19,27.712,27.75,27.4255,27.745,49026160,29.2365
2014-06-20,27.8445,27.879,27.5195,27.818,89932240,29.1125
2014-06-23,27.75,28.25,27.7125,28.2475,30685240,28.5545
2014-06-24,28.2595,28.6325,28.0505,28.231,44034880,28.804
2014-06-25,28.263,28.998,28.261,28.9325,39283940,28.555
2014-06-26,29.05,29.1225,28.5925,28.8,34735200,28.959
2014-06-27,28.859,28.9935,28.69,28.862,44620540,29.2435
2014-06-30,28.933,28.9785,28.7375,28.764,26217660,29.239
2014-07-01,28.916,29.22,28.8325,29.1335,28924880,29.133
2014-07-02,29.1675,29.272,29.0195,29.117,21098000,28.6865
2014-07-03,29.1675,29.2505,29.046,29.2365,14244200,29.754
2014-07-07,29.188,29.3215,28.9795,29.1125,21234660,29.4735
2014-07-08,28.883,28.9765,28.307,28.5545,38171640,29.737
2014-07-09,28.579,28.836,28.469,28.804,22278140,29.799
2014-07-10,28.2955,28.8295,28.2505,28.555,27062160,29.6675
2014-07-11,28.5955,29.0425,28.571,28.959,32347380,29.451
2014-07-14,29.13,29.2605,28.9015,29.2435,37033000,29.53
2014-07-15,29.287,29.29,28.828,29.239,32372340,29.2805
2014-07-16,29.4,29.42,29.11,29.133,27886540,29.371
2014-07-17,28.9765,29.0495,28.4305,28.6865,60239540,28.58
2014-07-18,29.65,29.84,29.1,29.754,80115320,28.3035
2014-07-21,29.5875,29.72,29.2615,29.4735,41169020,28.6575
2014-07-22,29.536,29.9825,29.53,29.737,33890540,28.2535
2014-07-23,29.6615,29.8925,29.625,29.799,24596620,28.3185
2014-07-24,29.8225,29.975,29.5885,29.6675,20665380,28.168
2014-07-25,29.52,29.593,29.3515,29.451,18637840,28.4385
2014-07-28,29.4035,29.625,29.2375,29.53,19682420,28.394
2014-07-29,29.4375,29.485,29.176,29.2805,26929840,28.1365
2014-07-30,29.3275,29.475,29.2,29.371,20274840,28.739
2014-07-31,29.03,29.1825,28.5,28.58,41985300,28.7325
2014-08-01,28.52,28.798,28.1425,28.3035,38999620,28.674
2014-08-04,28.452,28.7675,28.205,28.6575,28543380,29.108
2014-08-05,28.5515,28.599,28.1305,28.2535,31123660,29.343
2014-08-06,28.089,28.535,28.0,28.3185,26615640,29.2245
2014-08-07,28.4,28.4945,28.055,28.168,22165280,29.1685
2014-08-08,28.2,28.5125,28.0175,28.4385,29849400,29.128
2014-08-11,28.4995,28.5245,28.3,28.394,24315220,29.01
2014-08-12,28.226,28.295,28.044,28.1365,30755160,28.893
2014-08-13,28.365,28.75,28.2875,28.739,28756680,28.55
2014-08-14,28.809,28.895,28.544,28.7325,19658520,28.46
2014-08-15,28.893,28.969,28.526,28.674,30341120,28.58
2014-08-18,28.8055,29.2255,28.8,29.108,25643640,28.8665
2014-08-19,29.25,29.367,29.2,29.343,19585500,28.897
2014-08-20,29.294,29.335,29.1285,29.2245,20678160,29.099
2014-08-21,29.187,29.225,29.057,29.1685,18255580,29.304
2014-08-22,29.1795,29.262,29.032,29.128,15778840,29.486
2014-08-25,29.236,29.25,28.95,29.01,27171400,29.0505
2014-08-26,29.063,29.09,28.829,28.893,32707200,29.155
2014-08-27,28.8635,28.9245,28.505,28.55,33996240,29.0675
2014-08-28,28.478,28.6625,28.355,28.46,25916660,28.781
2014-08-29,28.5685,28.602,28.3535,28.58,21616940,28.655
2014-09-02,28.5925,28.8915,28.5595,28.8665,31531300,28.9975
2014-09-03,29.011,29.1495,28.75,28.897,24291280,29.2385
2014-09-04,29.0,29.3,28.961,29.099,29196820,29.4635
2014-09-05,29.199,29.3275,29.0975,29.304,32589120,29.804
2014-09-08,29.33,29.5885,29.315,29.486,28581920,29.3685
2014-09-09,29.445,29.45,29.0,29.0505,25734320,29.0565
2014-09-10,29.075,29.175,28.847,29.155,19495780,29.3995
2014-09-11,29.018,29.0905,28.813,29.0675,24353000,28.753
2014-09-12,29.0475,29.082,28.723,28.781,31952520,28.855
2014-09-15,28.647,28.7475,28.4105,28.655,31923880,28.818
2014-09-16,28.638,29.075,28.633,28.9975,29550080,28.868
2014-09-17,29.0005,29.376,28.939,29.2385,33811020,28.4135
2014-09-18,29.365,29.477,29.25,29.4635,28830160,28.504
2014-09-19,29.575,29.824,29.475,29.804,74529520,28.764
2014-09-22,29.691,29.6975,29.173,29.3685,33702420,28.8675
2014-09-23,29.3425,29.3425,29.05,29.0565,29347900,28.187
2014-09-24,29.073,29.4815,29.026,29.3995,34490740,28.625
2014-09-25,29.378,29.399,28.709,28.753,38499280,28.044
2014-09-26,28.803,28.9625,28.733,28.855,28796140,27.2245
2014-09-29,28.59,28.9095,28.5585,28.818,25624020,26.6605
2014-09-30,28.8465,28.9925,28.6425,28.868,32368740,26.897
2014-10-01,28.8005,28.879,28.3505,28.4135,28883920,26.5015
2014-10-02,28.3655,28.5955,28.166,28.504,23505340,26.2255
2014-10-03,28.6525,28.861,28.625,28.764,22772680,25.5585
2014-10-06,28.95,29.05,28.722,28.8675,24226400,26.042
2014-10-07,28.72,28.7635,28.187,28.187,38122160,26.327
2014-10-08,28.2785,28.694,27.8745,28.625,39753760,26.6355
2014-10-09,28.5585,28.5745,27.953,28.044,50383180,27.199
2014-10-10,27.917,28.2565,27.2025,27.2245,61550420,26.989
2014-10-13,27.2495,27.475,26.655,26.6605,51522760,27.0385
2014-10-14,26.945,27.3595,26.6585,26.897,44344200,27.445
2014-10-15,26.5225,26.64,25.915,26.5015,74199320,27.4665
2014-10-16,25.95,26.4715,25.75,26.2255,73753380,27.5155
2014-10-17,26.3625,26.549,25.4265,25.5585,110606060,27.954
2014-10-20,25.4725,26.088,25.405,26.042,52098660,27.761
2014-10-21,26.25,26.3395,25.9555,26.327,46639100,27.7055
2014-10-22,26.4945,26.99,26.44,26.6355,58331440,27.296
2014-10-23,26.966,27.361,26.7925,27.199,46902240,27.102
2014-10-24,27.218,27.244,26.7895,26.989,39440860,27.0505
2014-10-27,26.8515,27.2205,26.8515,27.0385,23699460,27.3745
2014-10-28,27.15,27.449,27.081,27.445,25465440,27.5145
2014-10-29,27.5,27.7095,27.349,27.4665,35340140,27.3655
2014-10-30,27.4475,27.64,27.1755,27.5155,29033340,27.269
2014-10-31,27.9675,27.9785,27.7375,27.954,40657740,27.22
2014-11-03,27.775,27.895,27.6615,27.761,27570080,26.8255
2014-11-04,27.636,27.775,27.465,27.7055,24805020,26.7515
2014-11-05,27.84,27.84,27.2025,27.296,40533840,26.8495
2014-11-06,27.2865,27.3445,27.0485,27.102,26569260,26.7415
2014-11-07,27.3105,27.3105,26.9335,27.0505,32583180,26.875
2014-11-10,27.073,27.4795,27.051,27.3745,22630660,26.9635
2014-11-11,27.4245,27.597,27.315,27.5145,19294320,27.054
2014-11-12,27.519,27.523,27.2585,27.3655,22526020,27.0185
2014-11-13,27.4815,27.49,27.174,27.269,26713940,27.0915
2014-11-14,27.334,27.334,27.1075,27.22,25716820,26.69
2014-11-17,27.179,27.1895,26.703,26.8255,34422900,26.6875
2014-11-18,26.875,27.097,26.7085,26.7515,39147340,26.566
2014-11-19,26.75,26.912,26.504,26.8495,27764680,26.8655
2014-11-20,26.5625,26.7555,26.554,26.7415,31169520,26.263
2014-11-21,27.0805,27.107,26.828,26.875,44362740,26.349
2014-11-24,26.8825,27.135,26.781,26.9635,34031240,26.6685
2014-11-25,26.95,27.199,26.93,27.054,35699340,26.303
2014-11-26,27.0735,27.0775,26.852,27.0185,30389480,26.417
2014-11-28,27.0075,27.1,26.83,27.0915,22904620,25.933
2014-12-01,26.945,27.0705,26.593,26.69,42189960,25.69
2014-12-02,26.6975,26.775,26.49,26.6875,30448520,24.7695
2014-12-03,26.572,26.8,26.463,26.566,25582740,25.2445
2014-12-04,26.558,26.867,26.4295,26.8655,27844160,25.555
2014-12-05,26.55,26.6445,26.214,26.263,51153940,25.8175
2014-12-08,26.3565,26.55,26.1895,26.349,46536660,26.2435
2014-12-09,26.1325,26.7095,26.025,26.6685,37425360,26.5295
2014-12-10,26.648,26.8165,26.278,26.303,34335700,26.4385
2014-12-11,26.39,26.696,26.355,26.417,32219080,26.7015
2014-12-12,26.1755,26.425,25.933,25.933,39762360,26.5165
2014-12-15,26.137,26.155,25.6635,25.69,56250180,26.521
2014-12-16,25.578,25.6525,24.45,24.7695,78944240,26.32
2014-12-17,24.85,25.35,24.8405,25.2445,57499260,26.2405
2014-12-18,25.6175,25.6935,25.235,25.555,58361920,25.6935
2014-12-19,25.5755,25.886,25.3455,25.8175,73595940,25.098
2014-12-22,25.834,26.323,25.804,26.2435,54471980,25.055
2014-12-23,26.35,26.728,26.3145,26.5295,43829100,25.134
2014-12-24,26.5255,26.588,26.351,26.4385,14080700,24.8085
2014-12-26,26.4385,26.7125,26.3655,26.7015,20753740,24.6275
2014-12-29,26.6095,26.774,26.5005,26.5165,45521880,24.809
2014-12-30,26.4085,26.5575,26.3565,26.521,17477260,25.0435
2014-12-31,26.5625,26.63,26.29,26.32,27408080,25.0895
2015-01-02,26.4505,26.5635,26.205,26.2405,28928640,25.404
2015-01-05,26.163,26.2165,25.653,25.6935,41057720,25.345
2015-01-06,25.75,25.8085,25.0525,25.098,57826060,25.902
2015-01-07,25.35,25.362,24.9825,25.055,41183380,26.7195
2015-01-08,24.8995,25.174,24.55,25.134,66882080,26.9975
2015-01-09,25.238,25.246,24.7395,24.8085,41313300,26.7605
2015-01-12,24.747,24.799,24.378,24.6275,46407280,25.9315
2015-01-13,24.8875,25.149,24.6195,24.809,47312960,25.5
2015-01-14,24.7325,25.1615,24.65,25.0435,44591960,25.533
2015-01-15,25.2,25.284,24.888,25.0895,54219820,26.726
2015-01-16,25.0005,25.4095,25.0,25.404,45834800,26.424
2015-01-20,25.55,25.625,25.301,25.345,69611540,26.462
2015-01-21,25.3625,25.964,25.31,25.902,73463300,26.138
2015-01-22,26.0745,26.8165,25.985,26.7195,91821960,26.379
2015-01-23,26.7795,27.1085,26.65,26.9975,79498280,26.55
2015-01-26,26.9085,26.95,26.4835,26.7605,30776380,26.3915
2015-01-27,26.4985,26.535,25.9095,25.9315,37964000,26.847
2015-01-28,26.139,26.1495,25.5,25.5,33187580,26.7985
2015-01-29,25.55,25.5545,25.06,25.533,83398980,27.1465
2015-01-30,25.793,26.9935,25.776,26.726,111816000,27.4505
2015-02-02,26.573,26.65,25.9275,26.424,56837340,27.142
2015-02-03,26.4,26.67,26.163,26.462,40661600,26.985
2015-02-04,26.462,26.6335,26.0635,26.138,33173940,27.1435
2015-02-05,26.1895,26.425,26.1045,26.379,36891040,26.9475
2015-02-06,26.4065,26.86,26.3205,26.55,35170040,26.5955
2015-02-09,26.4,26.6,26.301,26.3915,25276100,26.8045
2015-02-10,26.465,26.885,26.346,26.847,34896700,27.1935
2015-02-11,26.765,26.9225,26.669,26.7985,27475400,27.774
2015-02-12,26.8555,27.241,26.7335,27.1465,32316440,27.92
2015-02-13,27.1675,27.4955,27.1565,27.4505,37579480,28.567
2015-02-17,27.3415,27.5,27.0545,27.142,32244760,28.682
2015-02-18,27.07,27.2745,26.8755,26.985,28974820,28.6685
2015-02-19,26.902,27.1555,26.9005,27.1435,19749280,28.7665
2015-02-20,27.1565,27.1875,26.79,26.9475,28824240,28.384
2015-02-23,26.815,26.822,26.4705,26.5955,29072740,28.4425
2015-02-24,26.485,26.8395,26.4125,26.8045,20047860,27.7505
2015-02-25,26.795,27.311,26.7725,27.1935,36420320,27.559
2015-02-26,27.15,27.807,27.075,27.774,46100180,27.269
2015-02-27,27.712,28.2355,27.645,27.92,48071060,27.366
2015-03-02,28.0265,28.6075,27.9375,28.567,42474000,27.7255
2015-03-03,28.5225,28.7695,28.326,28.682,34000000,27.542
2015-03-04,28.5935,28.8555,28.4005,28.6685,37432000,27.975
2015-03-05,28.763,28.8955,28.6705,28.7665,27716000,27.8995
2015-03-06,28.748,28.834,28.338,28.384,33090000,28.018
2015-03-09,28.343,28.5135,28.1765,28.4425,21186000,27.9405
2015-03-10,28.1855,28.2425,27.7365,27.7505,35746000,28.5095
2015-03-11,27.757,27.907,27.534,27.559,36314000,27.939
2015-03-12,27.6815,27.8185,27.268,27.269,27729000,27.7585
2015-03-13,27.675,27.92,27.211,27.366,33976000,27.417
2015-03-16,27.5,27.8425,27.3,27.7255,32728000,27.6015
2015-03-17,27.5855,27.69,27.4,27.542,36010000,27.4
2015-03-18,27.625,27.989,27.35,27.975,42574000,27.128
2015-03-19,27.9055,28.04,27.8075,27.8995,23880000,26.7765
2015-03-20,28.0825,28.086,27.9525,28.018,52192000,26.8385
2015-03-23,28.0215,28.118,27.7915,27.9405,32786000,26.851
2015-03-24,28.128,28.7295,28.0605,28.5095,51524000,27.0805
2015-03-25,28.525,28.613,27.937,27.939,42926000,27.039
2015-03-26,27.8795,27.945,27.5325,27.7585,31366000,27.0005
2015-03-27,27.6455,27.764,27.4065,27.417,37846000,26.9585
2015-03-30,27.581,27.6735,27.4085,27.6015,25678000,26.5195
2015-03-31,27.5,27.7355,27.336,27.4,31672000,26.6265
2015-04-01,27.43,27.557,26.975,27.128,39154000,26.69
2015-04-02,27.0425,27.0425,26.6925,26.7765,34234000,26.2025
2015-04-06,26.611,26.9205,26.4785,26.8385,26414000,26.769
2015-04-07,26.904,27.1345,26.8,26.851,25985900,26.6985
2015-04-08,26.937,27.1925,26.919,27.0805,23506000,26.968
2015-04-09,27.0515,27.0975,26.7745,27.039,31039360,27.35
2015-04-10,27.1145,27.1145,26.8655,27.0005,28110000,28.253
2015-04-13,26.9205,27.203,26.8655,26.9585,32816000,27.7685
2015-04-14,26.803,26.8785,26.4045,26.5195,51940000,27.684
2015-04-15,26.435,26.7365,26.161,26.6265,46119600,27.454
2015-04-16,26.495,26.7795,26.4805,26.69,25926080,26.867
2015-04-17,26.3635,26.492,26.0505,26.2025,42918000,26.895
2015-04-20,26.28,26.8045,26.225,26.769,33509740,27.039
2015-04-21,26.8755,26.9695,26.6835,26.6985,36792360,26.54
2015-04-22,26.72,27.054,26.5875,26.968,31778220,26.211
2015-04-23,27.055,27.548,27.0115,27.35,83466000,26.535
2015-04-24,28.305,28.557,27.8625,28.253,98380000,26.911
2015-04-27,28.156,28.2975,27.66,27.7685,47960000,26.785
2015-04-28,27.6925,27.801,27.5185,27.684,29818000,26.452
2015-04-29,27.501,27.684,27.3455,27.454,33974000,26.481
2015-04-30,27.3935,27.4295,26.7525,26.867,41644000,26.92
2015-05-01,26.9215,26.977,26.605,26.895,35362000,26.6925
2015-05-04,26.9265,27.2035,26.753,27.039,26158000,26.615
2015-05-05,26.9105,26.987,26.5195,26.54,27660000,26.868
2015-05-06,26.562,26.619,26.0545,26.211,31339340,26.9635
2015-05-07,26.1995,26.673,26.0875,26.535,30924960,27.1255
2015-05-08,26.8305,27.0575,26.8,26.911,30552000,27.0055
2015-05-11,26.9185,27.099,26.77,26.785,18104000,26.616
2015-05-12,26.5735,26.6605,26.263,26.452,32683480,26.9895
2015-05-13,26.528,26.716,26.433,26.481,25060000,26.989
2015-05-14,26.688,26.95,26.6205,26.92,28078000,26.6055
2015-05-15,26.959,26.9635,26.519,26.6925,39416840,26.6995
2015-05-18,26.6025,26.741,26.4425,26.615,40062600,26.959
2015-05-19,26.6775,27.033,26.652,26.868,39338000,27.0155
2015-05-20,26.9245,27.146,26.6485,26.9635,28616000,26.835
2015-05-21,26.934,27.192,26.799,27.1255,29252000,26.6665
2015-05-22,27.0075,27.2095,26.9755,27.0055,23524000,26.3415
2015-05-26,26.906,26.95,26.494,26.616,48129600,26.3345
2015-05-27,26.64,27.0275,26.5855,26.9895,30500000,26.8345
2015-05-28,26.9005,27.0305,26.8125,26.989,20596980,26.7305
2015-05-29,26.852,26.9315,26.5725,26.6055,51948000,26.6165
2015-06-01,26.78,26.8395,26.488,26.6995,38086000,26.36
2015-06-02,26.6105,27.15,26.5665,26.959,38779780,26.4075
2015-06-03,26.9955,27.175,26.8555,27.0155,34340000,26.463
2015-06-04,26.888,27.0295,26.716,26.835,26966000,26.8365
2015-06-05,26.8175,26.86,26.626,26.6665,27764000,26.8345
2015-06-08,26.6655,26.706,26.312,26.3415,30482000,26.9095
2015-06-09,26.378,26.46,26.1505,26.3345,29105320,27.024
2015-06-10,26.47,26.918,26.4675,26.8345,36298760,26.892
2015-06-11,26.921,26.949,26.651,26.7305,24350720,26.7615
2015-06-12,26.5815,26.656,26.508,26.6165,19108000,26.5845
2015-06-15,26.4,26.415,26.2,26.36,32654000,26.076
2015-06-16,26.42,26.482,26.278,26.4075,21436000,26.0255
2015-06-17,26.4685,26.549,26.255,26.463,25884000,26.092
2015-06-18,26.55,26.9075,26.5395,26.8365,36662000,26.17
2015-06-19,26.8605,26.9125,26.6505,26.8345,37868000,26.143
2015-06-22,26.9795,27.187,26.8765,26.9095,25004000,26.251
2015-06-23,26.982,27.075,26.7625,27.024,23949000,25.8415
2015-06-24,27.0,27.0,26.783,26.892,25732000,26.034
2015-06-25,26.983,27.045,26.7615,26.7615,26712000,26.5065
2015-06-26,26.863,26.888,26.5675,26.5845,42182000,27.3275
2015-06-29,26.2705,26.4305,26.027,26.076,38756000,28.055
2015-06-30,26.31,26.3125,26.025,26.0255,44711900,28.011
2015-07-01,26.2365,26.2845,25.9115,26.092,39226000,28.9925
2015-07-02,26.054,26.2325,26.054,26.17,24718000,33.6465
2015-07-06,25.975,26.2625,25.95,26.143,25610000,33.151
2015-07-07,26.1565,26.309,25.759,26.251,31944000,33.115
2015-07-08,26.0525,26.1365,25.8055,25.8415,25932000,33.105
2015-07-09,26.156,26.1885,26.0175,26.034,36846000,32.214
2015-07-10,26.3145,26.628,26.2775,26.5065,39132000,31.178
2015-07-13,26.644,27.3555,26.62,27.3275,44128000,31.363
2015-07-14,27.338,28.2925,27.3355,28.055,64881320,31.4
2015-07-15,28.0065,28.325,27.8395,28.011,35684680,31.5965
2015-07-16,28.256,29.034,28.25,28.9925,95366000,31.6295
2015-07-17,32.45,33.7235,32.25,33.6465,223298000,31.2805
2015-07-20,32.962,33.444,32.6505,33.151,117216000,31.5605
2015-07-21,32.7605,33.65,32.715,33.115,67542000,31.4625
2015-07-22,33.0445,33.932,32.95,33.105,78586000,32.189
2015-07-23,33.0635,33.1815,32.05,32.214,60582000,32.134
2015-07-24,32.35,32.4085,31.126,31.178,72514000,31.765
2015-07-27,31.05,31.715,31.025,31.363,53506000,31.6865
2015-07-28,31.6415,31.6415,31.1655,31.4,34546000,33.039
2015-07-29,31.44,31.668,31.1325,31.5965,31500000,32.978
2015-07-30,31.5,31.761,31.1025,31.6295,29484000,32.8225
2015-07-31,31.569,31.6455,31.275,31.2805,34122000,32.856
2015-08-03,31.267,31.653,31.267,31.5605,26090220,33.0435
2015-08-04,31.421,31.7405,31.358,31.4625,29816000,32.8065
2015-08-05,31.7165,32.393,31.658,32.189,46684000,33.045
2015-08-06,32.25,32.269,31.6125,32.134,31444700,32.3415
2015-08-07,32.0115,32.134,31.4855,31.765,28076000,30.624
2015-08-10,31.974,32.172,31.5625,31.6865,36184000,29.4805
2015-08-11,33.46,33.745,32.7135,33.039,100550620,29.103
2015-08-12,33.154,33.25,32.6145,32.978,58816000,31.431
2015-08-13,32.966,33.225,32.583,32.8225,36214000,31.8805
2015-08-14,32.7505,32.9925,32.633,32.856,21440000,31.519
2015-08-17,32.84,33.069,32.562,33.0435,21032000,30.9125
2015-08-18,33.095,33.2,32.673,32.8065,29120000,29.8895
2015-08-19,32.83,33.35,32.7095,33.045,42680000,30.717
2015-08-20,32.773,33.1495,32.145,32.3415,57104000,30.3125
2015-08-21,31.989,32.0025,30.6165,30.624,85302000,30.035
2015-08-24,28.65,30.7,28.2525,29.4805,115406040,30.733
2015-08-25,30.7455,30.8725,29.0555,29.103,70758000,30.636
2015-08-26,30.5175,31.5855,29.9525,31.431,84716000,31.0675
2015-08-27,31.97,32.1795,31.1,31.8805,69826000,31.2885
2015-08-28,31.641,31.844,31.228,31.519,39574000,31.162
2015-08-31,31.377,31.79,30.884,30.9125,43534000,31.757
2015-09-01,30.118,30.643,29.705,29.8895,74042000,31.799
2015-09-02,30.2795,30.717,29.9855,30.717,51512000,32.145
2015-09-03,30.85,30.9855,30.141,30.3125,35190000,31.4625
2015-09-04,30.0,30.1735,29.7625,30.035,41788000,31.772
2015-09-08,30.6245,30.8155,30.206,30.733,45590000,31.1345
2015-09-09,31.061,31.326,30.48,30.636,34040000,31.118
2015-09-10,30.655,31.208,30.5715,31.0675,38103520,31.29
2015-09-11,30.9875,31.289,30.871,31.2885,27470000,30.5985
2015-09-14,31.285,31.293,30.9715,31.162,34044000,29.7445
2015-09-15,31.335,31.935,31.189,31.757,41686000,29.7485
2015-09-16,31.7735,31.8975,31.616,31.799,25728000,30.421
2015-09-17,31.8895,32.545,31.751,32.145,45492000,30.5645
2015-09-18,31.8395,32.0,31.351,31.4625,102666000,31.3455
2015-09-21,31.72,31.8245,31.297,31.772,35770000,32.0735
2015-09-22,31.35,31.3775,30.7715,31.1345,51256000,32.272
2015-09-23,31.1025,31.4465,31.0,31.118,29418000,32.118
2015-09-24,30.832,31.366,30.62,31.29,44801380,31.958
2015-09-25,31.4885,31.4885,30.55,30.5985,43480000,32.1805
2015-09-28,30.517,30.7305,29.469,29.7445,62553340,32.3335
2015-09-29,29.864,30.25,29.511,29.7485,46204000,32.615
2015-09-30,30.164,30.438,30.0365,30.421,48268000,32.558
2015-10-01,30.4185,30.6045,29.9925,30.5645,37352000,33.087
2015-10-02,30.36,31.367,30.1565,31.3455,53696000,33.11
2015-10-05,31.6,32.1505,31.35,32.0735,36067700,33.305
2015-10-06,31.942,32.4625,31.8265,32.272,44736000,32.514
2015-10-07,32.462,32.5305,31.6075,32.118,41854000,32.1305
2015-10-08,32.068,32.2225,31.278,31.958,43640000,32.5895
2015-10-09,32.0,32.2995,31.766,32.1805,32972000,35.1
2015-10-12,32.1045,32.425,31.9505,32.3335,25521580,35.639
2015-10-13,32.1575,32.8905,32.1575,32.615,36152000,35.4245
2015-10-14,32.6605,32.9695,32.4425,32.558,28308000,35.6475
2015-10-15,32.733,33.1565,32.723,33.087,37714000,35.846
2015-10-16,33.2055,33.2485,32.86,33.11,32222000,35.5405
2015-10-19,33.059,33.341,32.979,33.305,29546000,36.0555
2015-10-20,33.202,33.236,32.21,32.514,33764500,36.108
2015-10-21,32.7075,32.7935,32.0865,32.1305,35882000,36.4055
2015-10-22,32.335,32.89,32.2005,32.5895,81418000,36.5625
2015-10-23,36.375,36.5,35.075,35.1,133078000,36.688
2015-10-26,35.0775,35.9575,35.063,35.639,54332000,36.2445
2015-10-27,35.369,35.681,35.2275,35.4245,44914000,36.416
2015-10-28,35.3665,35.649,35.154,35.6475,43578000,36.77
2015-10-29,35.525,35.913,35.5005,35.846,29118000,36.5615
2015-10-30,35.7865,35.9,35.5025,35.5405,38174000,35.85
2015-11-02,35.553,36.081,35.2925,36.0555,37725000,36.448
2015-11-03,35.943,36.2325,35.736,36.108,31306000,36.265
2015-11-04,36.1,36.655,36.095,36.4055,34127420,37.0
2015-11-05,36.4735,36.974,36.4735,36.5625,37230000,36.9205
2015-11-06,36.575,36.7705,36.3505,36.688,30230000,37.83
2015-11-09,36.51,36.7355,35.9715,36.2445,41396140,37.799
2015-11-10,36.22,36.5295,35.925,36.416,32158000,37.414
2015-11-11,36.623,37.05,36.5115,36.77,27338000,37.4075
2015-11-12,36.55,36.89,36.4325,36.5615,36742000,37.513
2015-11-13,36.4585,36.5575,35.8365,35.85,41510000,37.13
2015-11-16,35.78,36.4745,35.5665,36.448,38116000,38.352
2015-11-17,36.4645,36.592,36.1515,36.265,30218000,38.119
2015-11-18,36.379,37.0705,36.35,37.0,33684000,37.627
2015-11-19,36.937,37.1,36.8715,36.9205,26556000,38.3405
2015-11-20,37.3265,37.896,37.15,37.83,44264000,38.1625
2015-11-23,37.8725,38.1355,37.591,37.799,28306000,38.1185
2015-11-24,37.6,37.764,36.8815,37.414,46682000,37.5805
2015-11-25,37.407,37.6,37.303,37.4075,22444000,37.473
2015-11-27,37.423,37.6705,37.3745,37.513,16770000,36.9435
2015-11-30,37.4405,37.7465,37.0635,37.13,41952000,37.3885
2015-12-01,37.3555,38.4475,37.335,38.352,42692420,37.17
2015-12-02,38.445,38.798,37.948,38.119,44604000,37.9045
2015-12-03,38.3005,38.4495,37.2815,37.627,51812020,37.4715
2015-12-04,37.655,38.4245,37.5,38.3405,55144000,36.9655
2015-12-07,38.3885,38.4365,37.7545,38.1625,36246000,37.3885
2015-12-08,37.8945,38.24,37.71,38.1185,36589500,37.5
2015-12-09,37.9585,38.2115,36.85,37.5805,53998000,37.5155
2015-12-10,37.6425,37.7925,37.1915,37.473,39766000,37.42
2015-12-11,37.058,37.2855,36.8375,36.9435,44488000,38.1255
2015-12-14,37.0895,37.4365,36.2085,37.3885,48378240,38.83
2015-12-15,37.65,37.904,37.1505,37.17,53324000,38.55
2015-12-16,37.5,38.0295,36.9715,37.9045,39864000,37.944
2015-12-17,38.121,38.134,37.45,37.4715,31068000,37.092
2015-12-18,37.3255,37.7065,36.9075,36.9655,62974000,37.129
2015-12-21,37.3065,37.5,37.0,37.3885,30514000,37.181
2015-12-22,37.5825,37.7425,37.2765,37.5,27308400,36.3195
2015-12-23,37.6735,37.7105,37.2,37.5155,31334000,35.7235
2015-12-24,37.4775,37.5675,37.331,37.42,10544460,35.8015
2015-12-28,37.646,38.1495,37.476,38.1255,30314320,36.3035
2015-12-29,38.3345,38.999,38.3215,38.83,35300240,35.028
2015-12-30,38.83,38.88,38.345,38.55,17363480,35.736
2015-12-31,38.475,38.475,37.917,37.944,21400960,34.7225
2016-01-04,37.15,37.203,36.5629,37.092,45179320,35.0895
2016-01-05,37.3225,37.6,36.932,37.129,27193700,34.9225
2016-01-06,36.5,37.359,36.446,37.181,35507880,35.3295
2016-01-07,36.5155,36.925,35.953,36.3195,50191120,36.2625
2016-01-08,36.5725,36.6615,35.65,35.7235,46779440,35.5835
2016-01-11,35.8305,35.9428,35.177,35.8015,41812420,35.652
2016-01-12,36.084,36.4375,35.8658,36.3035,35631680,34.9995
2016-01-13,36.5425,36.737,34.9305,35.028,34277940,36.548
2016-01-14,35.269,36.0962,34.455,35.736,38479640,37.1475
2016-01-15,34.6145,35.337,34.2685,34.7225,52901580,37.6
2016-01-19,35.165,35.499,34.6705,35.0895,45360000,38.2325
2016-01-20,34.4305,35.3425,33.663,34.9225,63844940,36.3475
2016-01-21,35.109,35.9595,34.723,35.3295,46170560,35.4005
2016-01-22,36.18,36.4065,36.006,36.2625,36822020,34.1785
2016-01-25,36.179,36.484,35.5005,35.5835,31779120,34.137
2016-01-26,35.6925,35.914,35.324,35.652,25030680,33.9055
2016-01-27,35.6835,35.9118,34.7195,34.9995,23635800,34.206
2016-01-28,36.111,36.6845,35.6175,36.548,47415200,34.1555
2016-01-29,36.5765,37.2495,36.34,37.1475,49813120,34.12
2016-02-01,37.523,37.893,37.1635,37.6,60306060,34.55
2016-02-02,39.225,39.4935,38.2325,38.2325,100195440,35.42
2016-02-03,38.511,38.725,36.025,36.3475,115068320,34.8675
2016-02-04,36.1405,36.35,35.093,35.4005,96255860,35.0455
2016-02-05,35.1935,35.1995,34.0075,34.1785,77278960,35.323
2016-02-08,33.3925,34.2015,33.153,34.137,62359840,34.7925
2016-02-09,33.616,34.995,33.4385,33.9055,53264380,34.978
2016-02-10,34.343,35.0655,34.1065,34.206,40616580,35.2875
2016-02-11,33.75,34.4675,33.4434,34.1555,43099240,35.2535
2016-02-12,34.513,34.6875,33.93,34.12,39660380,34.8885
2016-02-16,34.649,34.9,34.2525,34.55,42736480,35.9405
2016-02-17,34.95,35.4875,34.569,35.42,36708220,35.9425
2016-02-18,35.5,35.6175,34.8015,34.8675,25757100,35.621
2016-02-19,34.7515,35.154,34.7025,35.0455,22693300,35.5445
2016-02-22,35.3725,35.662,35.1255,35.323,28212260,34.758
2016-02-23,35.0725,35.42,34.679,34.7925,28103600,34.6985
2016-02-24,34.446,35.0,34.039,34.978,26364420,35.262
2016-02-25,35.0005,35.299,34.5293,35.2875,22665480,35.641
2016-02-26,35.429,35.6715,35.043,35.2535,41218840,36.341
2016-02-29,35.016,35.5445,34.884,34.8885,29345340,36.5245
2016-03-01,35.181,35.9405,34.9885,35.9405,29076500,36.4165
2016-03-02,35.95,36.0,35.6,35.9425,21654620,36.8045
2016-03-03,35.934,35.9725,35.301,35.621,37916560,36.889
2016-03-04,35.7495,35.8245,35.301,35.5445,26126120,36.88
2016-03-07,35.345,35.4046,34.345,34.758,54697940,37.1045
2016-03-08,34.4295,35.1895,34.267,34.6985,27579340,37.0375
2016-03-09,34.9235,35.284,34.7,35.262,23591040,36.903
2016-03-10,35.406,35.822,35.168,35.641,56670500,36.765
2016-03-11,36.0,36.346,35.8562,36.341,33215980,36.6765
2016-03-14,36.3405,36.775,36.2575,36.5245,34365040,37.2385
2016-03-15,36.346,36.6145,36.2385,36.4165,34419300,37.5265
2016-03-16,36.3185,36.8735,36.2255,36.8045,32487400,37.2475
2016-03-17,36.8225,37.1535,36.8,36.889,37216680,37.4955
2016-03-18,37.093,37.1,36.5915,36.88,59614180,37.2645
2016-03-21,36.825,37.125,36.6758,37.1045,36730060,36.89
2016-03-22,36.873,37.25,36.873,37.0375,25394980,37.2845
2016-03-23,37.118,37.286,36.8075,36.903,28641980,37.014
2016-03-24,36.6005,36.8874,36.55,36.765,31897820,36.9575
2016-03-28,36.8395,36.9495,36.625,36.6765,18356860,36.805
2016-03-29,36.7295,37.3625,36.438,37.2385,27041560,37.1545
2016-03-30,37.505,37.894,37.437,37.5265,24778660,37.586
2016-03-31,37.4625,37.5425,37.047,37.2475,22602660,37.66
2016-04-01,36.93,37.517,36.85,37.4955,21973640,37.95
2016-04-04,37.503,37.64,37.1215,37.2645,15673300,38.3305
2016-04-05,36.9,37.14,36.7685,36.89,19408280,37.6965
2016-04-06,36.7885,37.312,36.778,37.2845,14536880,37.6335
2016-04-07,37.2685,37.35,36.814,37.014,20726220,37.957
2016-04-08,37.1985,37.2725,36.7775,36.9575,25090540,35.9385
2016-04-11,37.151,37.25,36.8025,36.805,16369280,36.1575
2016-04-12,36.9,37.1915,36.5505,37.1545,22831560,35.407
2016-04-13,37.458,37.719,37.213,37.586,24056700,35.292
2016-04-14,37.7005,37.8655,37.6352,37.66,16308340,34.551
2016-04-15,37.699,38.05,37.6347,37.95,31046940,34.6505
2016-04-18,38.023,38.4025,37.865,38.3305,28842460,34.9105
2016-04-19,38.4755,38.495,37.4665,37.6965,26106520,34.618
2016-04-20,37.9,37.9066,37.5005,37.6335,21654780,34.785
2016-04-21,37.769,38.0215,37.4775,37.957,30929600,35.0705
2016-04-22,36.315,36.806,35.6805,35.9385,109344120,35.556
2016-04-25,35.805,36.1965,35.7795,36.1575,26247620,35.645
2016-04-26,36.271,36.2883,35.1513,35.407,40204480,36.159
2016-04-27,35.3645,35.449,34.6183,35.292,56452880,35.7645
2016-04-28,35.413,35.7085,34.4775,34.551,43355120,35.6655
2016-04-29,34.535,34.881,34.45,34.6505,39525740,35.5415
2016-05-02,34.8815,35.032,34.55,34.9105,22691840,35.8245
2016-05-03,34.8435,34.892,34.6,34.618,20121240,35.3145
2016-05-04,34.5245,34.9875,34.4505,34.785,23333400,35.3315
2016-05-05,34.885,35.116,34.786,35.0705,24298400,35.016
2016-05-06,34.919,35.593,34.9054,35.556,31798480,35.487
2016-05-09,35.6,35.9355,35.5,35.645,26615000,35.212
2016-05-10,35.8375,36.175,35.786,36.159,29815640,36.0045
2016-05-11,36.1705,36.224,35.64,35.7645,24512560,36.2635
2016-05-12,35.853,35.9625,35.45,35.6655,17303780,36.206
2016-05-13,35.5965,35.8331,35.463,35.5415,17074020,36.633
2016-05-16,35.4565,35.924,35.2825,35.8245,25349700,36.7775
2016-05-17,35.7995,36.076,35.2055,35.3145,36025720,36.7075
2016-05-18,35.1835,35.58,35.0315,35.3315,24014480,36.52
2016-05-19,35.118,35.3,34.84,35.016,21574140,36.117
2016-05-20,35.081,35.729,35.026,35.487,26539640,35.8275
2016-05-23,35.3265,35.5739,35.209,35.212,17468760,35.8325
2016-05-24,35.343,36.0485,35.343,36.0045,25328600,36.414
2016-05-25,36.038,36.3755,35.9852,36.2635,29139000,36.429
2016-05-26,36.1435,36.4165,36.014,36.206,22397160,35.9695
2016-05-27,36.2005,36.6968,36.2,36.633,30842060,35.918
2016-05-31,36.587,36.9865,36.563,36.7775,24542620,35.9135
2016-06-01,36.7265,36.8605,36.533,36.7075,23289420,35.946
2016-06-02,36.625,36.651,36.2085,36.52,17919060,35.5185
2016-06-03,36.4635,36.4745,36.028,36.117,17320080,34.586
2016-06-06,36.2455,36.2455,35.7305,35.8275,22400780,34.6855
2016-06-07,35.992,36.099,35.8275,35.8325,22319420,34.797
2016-06-08,36.198,36.4285,36.029,36.414,23008720,34.884
2016-06-09,36.1435,36.477,36.1168,36.429,15259900,35.0935
2016-06-10,35.9735,36.2945,35.8215,35.9695,14697520,33.761
2016-06-13,35.8255,36.272,35.8255,35.918,13995280,33.413
2016-06-14,35.824,36.1235,35.656,35.9135,25433620,34.002
2016-06-15,35.95,36.123,35.8655,35.946,15024180,34.2055
2016-06-16,35.7455,35.8325,35.163,35.5185,25887880,34.605
2016-06-17,35.4325,35.441,34.4226,34.586,48189840,34.9605
2016-06-20,34.9385,35.124,34.6705,34.6855,34888920,34.7475
2016-06-21,34.92,35.1385,34.6005,34.797,27389380,34.8885
2016-06-22,34.953,35.043,34.6541,34.884,12785380,34.768
2016-06-23,34.8725,35.0975,34.35,35.0935,30148060,35.2815
2016-06-24,33.7585,34.47,33.6725,33.761,58097460,35.7545
2016-06-27,33.55,33.615,33.1642,33.413,47774200,36.032
2016-06-28,33.9485,34.0165,33.65,34.002,24421540,35.849
2016-06-29,34.15,34.3714,34.0705,34.2055,35634980,36.0475
2016-06-30,34.2735,34.616,34.1825,34.605,22125360,35.9855
2016-07-01,34.61,35.0325,34.6065,34.9605,18206520,36.689
2016-07-05,34.803,34.847,34.444,34.7475,20225240,36.848
2016-07-06,34.499,35.084,34.4545,34.8885,23216640,37.0595
2016-07-07,34.904,34.91,34.4108,34.768,18000620,36.9315
2016-07-08,34.975,35.2855,34.8217,35.2815,23989960,37.137
2016-07-11,35.4025,35.8255,35.362,35.7545,18671040,36.9885
2016-07-12,35.956,36.147,35.7955,36.032,18304880,36.921
2016-07-13,36.181,36.2,35.8425,35.849,12205760,37.0885
2016-07-14,36.079,36.1105,35.9015,36.0475,11823540,37.2955
2016-07-15,36.2865,36.287,35.9527,35.9855,16763580,38.4395
2016-07-18,36.1355,36.8065,36.0595,36.689,21697440,38.644
2016-07-19,36.4945,36.8495,36.45,36.848,21217460,38.553
2016-07-20,36.8665,37.1065,36.855,37.0595,17667440,38.659
2016-07-21,37.018,37.0845,36.7916,36.9315,13032820,38.5805
2016-07-22,37.093,37.162,36.828,37.137,18469740,39.1005
2016-07-25,37.0335,37.1305,36.875,36.9885,14853060,39.088
2016-07-26,36.952,37.0845,36.7135,36.921,16018620,39.213
2016-07-27,36.914,37.223,36.85,37.0885,17430040,39.234
2016-07-28,37.352,37.4325,36.965,37.2955,51003360,39.2425
2016-07-29,38.6355,38.9275,38.3385,38.4395,54662640,39.161
2016-08-01,38.0545,39.0215,38.0545,38.644,39002920,39.122
2016-08-02,38.4345,38.792,38.3925,38.553,23540240,38.8565
2016-08-03,38.359,38.6605,38.341,38.659,17421480,38.9955
2016-08-04,38.611,38.7035,38.4397,38.5805,15265220,38.875
2016-08-05,38.689,39.152,38.617,39.1005,20339660,38.771
2016-08-08,39.1,39.1315,38.9046,39.088,17941920,38.6075
2016-08-09,39.055,39.447,39.0285,39.213,18453180,38.604
2016-08-10,39.1875,39.3406,39.1389,39.234,11272780,38.482
2016-08-11,39.25,39.4875,39.1485,39.2425,12845400,38.4705
2016-08-12,39.075,39.1698,39.02,39.161,11938360,38.477
2016-08-15,39.1875,39.3745,39.0055,39.122,15052940,38.6075
2016-08-16,39.015,39.049,38.6722,38.8565,12484080,38.4545
2016-08-17,38.866,39.0405,38.6765,38.9955,12571200,38.356
2016-08-18,39.0005,39.143,38.85,38.875,11861740,38.439
2016-08-19,38.75,38.855,38.6565,38.771,12038560,38.573
2016-08-22,38.6635,38.727,38.5025,38.6075,13342860,39.004
2016-08-23,38.774,38.822,38.5892,38.604,12730020,39.0175
2016-08-24,38.529,38.725,38.3535,38.482,14836080,38.766
2016-08-25,38.35,38.5945,38.1592,38.4705,12680060,37.983
2016-08-26,38.45,38.804,38.2925,38.477,20429020,38.451
2016-08-29,38.437,38.7495,38.3308,38.6075,12088120,37.9845
2016-08-30,38.4665,38.7233,38.342,38.4545,15742760,38.1245
2016-08-31,38.3505,38.4545,38.269,38.356,15031820,38.605
2016-09-01,38.4625,38.551,38.215,38.439,12373840,38.444
2016-09-02,38.6505,38.696,38.4205,38.573,15485120,38.285
2016-09-06,38.6725,39.1,38.55,39.004,24789020,38.5705
2016-09-07,39.0,39.1365,38.81,39.0175,11804660,38.811
2016-09-08,38.9295,39.0175,38.679,38.766,14150620,39.3605
2016-09-09,38.505,38.6622,37.983,37.983,31423100,39.345
2016-09-12,37.7565,38.5145,37.7,38.451,23520820,38.71
2016-09-13,38.224,38.311,37.79,37.9845,18248640,39.1505
2016-09-14,37.9805,38.384,37.9555,38.1245,14936320,39.078
2016-09-15,38.1445,38.69,37.998,38.605,20565700,38.7505
2016-09-16,38.4875,38.4875,38.233,38.444,29724420,38.8645
2016-09-19,38.621,38.7,38.2221,38.285,15201040,38.628
2016-09-20,38.45,38.6665,38.4265,38.5705,13228460,38.8215
2016-09-21,38.633,38.858,38.415,38.811,15616820,38.8235
2016-09-22,39.0,39.4925,38.922,39.3605,19714640,38.843
2016-09-23,39.3295,39.4465,39.2075,39.345,24226100,38.754
2016-09-26,39.137,39.137,38.6535,38.71,23745380,39.297
2016-09-27,38.775,39.2995,38.7154,39.1505,15058600,39.1535
2016-09-28,38.8925,39.0905,38.7485,39.078,16882120,39.307
2016-09-29,39.072,39.29,38.7116,38.7505,24255760,38.9095
2016-09-30,38.8165,39.047,38.7045,38.8645,27117400,38.9265
2016-10-03,38.7125,38.8033,38.475,38.628,21114480,38.998
2016-10-04,38.8015,38.9355,38.6445,38.8215,16883580,39.763
2016-10-05,38.9655,39.1035,38.7825,38.8235,17602640,40.078
2016-10-06,38.95,39.024,38.777,38.843,16163940,39.8485
2016-10-07,38.983,38.983,38.5375,38.754,13603080,39.969
2016-10-10,38.8855,39.469,38.7935,39.297,17421300,40.6555
2016-10-11,39.333,39.614,39.029,39.1535,18424340,40.3835
2016-10-12,39.188,39.4065,39.103,39.307,14628940,39.9535
2016-10-13,39.061,39.061,38.65,38.9095,17959840,39.7675
2016-10-14,39.0825,39.1975,38.8,38.9265,11740720,39.7685
2016-10-17,38.99,39.2925,38.875,38.998,15531680,39.227
2016-10-18,39.3925,40.0805,39.2782,39.763,39103300,39.1805
2016-10-19,39.943,40.2315,39.8817,40.078,24301600,38.435
2016-10-20,40.165,40.1985,39.8015,39.8485,30749600,38.1065
2016-10-21,39.75,39.975,39.7,39.969,15609100,38.101
2016-10-24,40.245,40.759,40.241,40.6555,31946040,39.126
2016-10-25,40.834,40.834,40.257,40.3835,30688260,39.5255
2016-10-26,40.317,40.349,39.816,39.9535,31368280,39.2655
2016-10-27,40.05,40.1745,39.575,39.7675,40317260,38.128
2016-10-28,40.4175,40.7745,39.6795,39.7685,79712520,37.701
2016-10-31,39.7735,39.843,39.2,39.227,48545680,36.804
2016-11-01,39.1445,39.4745,38.777,39.1805,48127120,37.9245
2016-11-02,38.91,39.0825,38.1725,38.435,38368280,38.224
2016-11-03,38.3625,38.4975,37.9515,38.1065,38863500,38.5615
2016-11-04,37.533,38.518,37.528,38.101,42696240,38.027
2016-11-07,38.725,39.2595,38.6275,39.126,29550860,38.46
2016-11-08,39.17,39.7816,39.0095,39.5255,26215140,38.4135
2016-11-09,38.997,39.5614,38.5835,39.2655,47518520,38.0495
2016-11-10,39.5585,39.5585,37.609,38.128,92933360,38.084
2016-11-11,37.827,38.039,37.519,37.701,46299800,38.412
2016-11-14,37.78,37.8925,36.377,36.804,73087700,38.542
2016-11-15,37.3485,38.2208,37.3485,37.9245,47680020,37.902
2016-11-16,37.76,38.318,37.5255,38.224,28867140,37.396
2016-11-17,38.346,38.635,38.2115,38.5615,24094700,37.525
2016-11-18,38.5685,38.75,38.0,38.027,30222860,38.126
2016-11-21,38.1305,38.485,38.03,38.46,25569600,37.9555
2016-11-22,38.6315,38.848,38.35,38.4135,30983900,38.5595
2016-11-23,38.3865,38.4142,37.7625,38.0495,28677980,38.82
2016-11-25,38.213,38.25,38.026,38.084,11235200,39.4645
2016-11-28,38.0,38.9765,37.99,38.412,41549300,39.4635
2016-11-29,38.5765,38.925,38.412,38.542,31454960,39.805
2016-11-30,38.5035,38.6495,37.7415,37.902,46405840,39.8535
2016-12-01,37.872,37.9925,36.8512,37.396,59366860,39.8925
2016-12-02,37.2295,37.7,37.155,37.525,28493940,39.54
2016-12-05,37.8855,38.195,37.645,38.126,26639360,39.7075
2016-12-06,38.2365,38.4415,37.867,37.9555,32292120,39.821
2016-12-07,38.05,38.568,37.79,38.5595,34061160,39.729
2016-12-08,38.624,38.909,38.3615,38.82,26751620,39.563
2016-12-09,39.0,39.4715,38.951,39.4645,35140600,39.4955
2016-12-12,39.252,39.5625,39.2178,39.4635,41684920,39.5775
2016-12-13,39.695,40.219,39.667,39.805,41439320,39.2525
2016-12-14,39.87,40.2,39.7005,39.8535,31988280,39.1395
2016-12-15,39.867,40.15,39.646,39.8925,30204800,38.591
2016-12-16,40.02,40.0428,39.518,39.54,40855360,39.307
2016-12-19,39.511,39.883,39.3135,39.7075,21640920,39.345
2016-12-20,39.838,39.9325,39.6635,39.821,18243820,39.7015
2016-12-21,39.792,39.8338,39.355,39.729,22745220,40.3075
2016-12-22,39.618,39.666,39.429,39.563,18092040,40.3325
2016-12-23,39.545,39.637,39.364,39.4955,12119080,40.24
2016-12-27,39.534,39.893,39.3829,39.5775,15491540,40.3955
2016-12-28,39.685,39.7115,39.16,39.2525,19414280,40.318
2016-12-29,39.1665,39.2965,38.946,39.1395,14764060,40.394
2016-12-30,39.1375,39.139,38.5205,38.591,35399000,40.2305
2017-01-03,38.9405,39.4815,38.79,39.307,32108920,40.3035
2017-01-04,39.418,39.567,39.158,39.345,21042500,40.1088
2017-01-05,39.304,39.724,39.251,39.7015,22290240,40.251
2017-01-06,39.763,40.395,39.6102,40.3075,31356420,40.9655
2017-01-09,40.32,40.4983,40.1415,40.3325,24607420,41.1935
2017-01-10,40.393,40.4565,40.1755,40.24,19954600,41.7835
2017-01-11,40.25,40.4075,40.0685,40.3955,20824880,41.6075
2017-01-12,40.357,40.3695,39.9585,40.318,25573900,41.1655
2017-01-13,40.374,40.5612,40.3345,40.394,21344800,40.116
2017-01-17,40.354,40.357,40.0185,40.2305,22831540,39.8395
2017-01-18,40.2905,40.3103,40.0495,40.3035,23913380,39.7848
2017-01-19,40.256,40.474,40.09,40.1088,17898420,39.9265
2017-01-20,40.3455,40.3455,40.0845,40.251,31383920,40.0745
2017-01-23,40.3625,41.0435,40.187,40.9655,36235560,40.067
2017-01-24,41.115,41.295,40.891,41.1935,28402660,40.3485
2017-01-25,41.481,41.7885,41.253,41.7835,29144880,40.419
2017-01-26,41.8905,41.9,41.3505,41.6075,47494620,40.478
2017-01-27,41.7355,42.0975,41.022,41.1655,57344820,40.6835
2017-01-30,40.733,40.792,39.99,40.116,62365780,40.962
2017-01-31,39.843,40.0625,39.526,39.8395,40524240,41.0195
2017-02-01,39.984,40.0595,39.5595,39.7848,39472400,40.949
2017-02-02,39.69,40.135,39.6,39.9265,28337060,41.208
2017-02-03,40.1495,40.3,40.0185,40.0745,29268960,41.4035
2017-02-06,39.985,40.0835,39.7625,40.067,22499100,41.583
2017-02-07,40.1995,40.525,40.089,40.3485,24506720,41.538
2017-02-08,40.35,40.592,40.1595,40.419,22550860,41.5665
2017-02-09,40.4755,40.533,40.227,40.478,19139960,41.432
2017-02-10,40.585,40.7625,40.489,40.6835,22047780,41.464
2017-02-13,40.8,41.048,40.7745,40.962,22666200,41.1605
2017-02-14,40.95,41.15,40.8,41.0195,18579700,41.762
2017-02-15,40.968,41.15,40.9235,40.949,24895460,41.5315
2017-02-16,40.9965,41.22,40.949,41.208,25333500,41.454
2017-02-17,41.151,41.4035,41.0828,41.4035,27723880,41.378
2017-02-21,41.433,41.6725,41.4175,41.583,22958180,41.5955
2017-02-22,41.433,41.6625,41.432,41.538,18039380,41.7685
2017-02-23,41.506,41.623,41.144,41.5665,23856400,41.934
2017-02-24,41.3865,41.45,41.21,41.432,27530920,42.1625
2017-02-27,41.2275,41.525,41.2,41.464,20975640,42.277
2017-02-28,41.2805,41.427,41.01,41.1605,32773540,42.281
2017-03-01,41.4425,41.8128,41.363,41.762,28253900,42.36
2017-03-02,41.6925,41.7255,41.482,41.5315,15915620,42.439
2017-03-03,41.528,41.568,41.2875,41.454,17633700,42.606
2017-03-06,41.3475,41.444,41.12,41.378,19097040,42.42
2017-03-07,41.37,41.6705,41.326,41.5955,19666980,41.523
2017-03-08,41.6755,41.9075,41.5895,41.7685,18310400,41.4795
2017-03-09,41.8,42.1,41.7105,41.934,24611820,40.879
2017-03-10,42.164,42.2455,41.975,42.1625,33374660,40.7215
2017-03-13,42.3876,42.4342,42.1625,42.277,24472940,40.9755
2017-03-14,42.182,42.362,42.04,42.281,15603960,41.046
2017-03-15,42.3795,42.4315,42.0385,42.36,27629480,41.5705
2017-03-16,42.4515,42.5425,42.3065,42.439,19551200,41.575
2017-03-17,42.5805,42.67,42.3555,42.606,32254480,41.48
2017-03-20,42.5005,42.511,42.2575,42.42,24630420,41.9275
2017-03-21,42.57,42.675,41.451,41.523,49269680,41.7285
2017-03-22,41.5955,41.7775,41.359,41.4795,28029300,41.5705
2017-03-23,41.05,41.1285,40.6128,40.879,69741120,41.394
2017-03-24,41.004,41.0965,40.4445,40.7215,38851860,41.2335
2017-03-27,40.3475,41.0815,40.1685,40.9755,36118660,41.2365
2017-03-28,41.0205,41.2995,40.7014,41.046,30544960,41.1675
2017-03-29,41.25,41.6382,41.119,41.5705,25943840,41.216
2017-03-30,41.675,41.684,41.45,41.575,20852560,41.178
2017-03-31,41.4485,41.582,41.3695,41.48,24105120,41.8585
2017-04-03,41.461,42.0425,41.461,41.9275,33430060,41.841
2017-04-04,41.568,41.759,41.4518,41.7285,20620240,41.9105
2017-04-05,41.7755,42.1225,41.536,41.5705,30191700,42.0825
2017-04-06,41.62,41.8195,41.323,41.394,24592900,42.1595
2017-04-07,41.398,41.4242,41.0256,41.2335,21145060,43.138
2017-04-10,41.2695,41.4675,41.1885,41.2365,17774300,43.615
2017-04-11,41.2355,41.3714,40.851,41.1675,21594640,43.5865
2017-04-12,41.0965,41.333,41.051,41.216,17179720,43.7125
2017-04-13,41.107,41.319,41.072,41.178,19116600,45.298
2017-04-17,41.2505,41.8875,41.2235,41.8585,16671860,45.6285
2017-04-18,41.711,41.9465,41.6355,41.841,15464280,45.822
2017-04-19,41.9895,42.111,41.8145,41.9105,18724200,46.352
2017-04-20,42.072,42.26,41.966,42.0825,18669020,46.583
2017-04-21,42.144,42.194,42.03,42.1595,25131240,46.3565
2017-04-24,42.56,43.1725,42.493,43.138,27436620,46.715
2017-04-25,43.25,43.75,43.1405,43.615,33433420,46.6085
2017-04-26,43.7115,43.8025,43.3874,43.5865,24719340,46.439
2017-04-27,43.68,43.77,43.519,43.7125,40293540,46.53
2017-04-28,45.533,45.8425,45.2885,45.298,65525100,46.611
2017-05-01,45.097,45.784,45.0725,45.6285,42314020,46.854
2017-05-02,45.481,46.0385,45.4726,45.822,30904900,47.15
2017-05-03,45.743,46.405,45.6272,46.352,29961020,45.981
2017-05-04,46.3035,46.7965,46.2295,46.583,28439680,46.512
2017-05-05,46.677,46.745,46.26,46.3565,38225500,46.7005
2017-05-08,46.306,46.8462,46.263,46.715,26581920,47.093
2017-05-09,46.8475,46.875,46.4765,46.6085,31626740,47.441
2017-05-10,46.599,46.6,46.258,46.439,23478020,47.748
2017-05-11,46.266,46.6265,46.1515,46.53,16700560,48.477
2017-05-12,46.5765,46.672,46.3925,46.611,21007540,48.5735
2017-05-15,46.6475,46.9125,46.467,46.854,22092920,48.794
2017-05-16,47.0,47.1555,46.879,47.15,19365760,48.243
2017-05-17,46.7835,46.9666,45.907,45.981,47159680,48.3475
2017-05-18,46.05,46.6585,45.9375,46.512,31937940,48.78
2017-05-19,46.5735,46.8877,46.55,46.7005,27796600,49.184
2017-05-22,46.75,47.0942,46.75,47.093,22378140,48.836
2017-05-23,47.396,47.5734,47.1288,47.441,25388840,49.054
2017-05-24,47.649,47.7545,47.475,47.748,20629660,49.17
2017-05-25,47.8665,48.6314,47.7735,48.477,33198440,47.4915
2017-05-26,48.485,48.749,48.2515,48.5735,25028480,47.145
2017-05-30,48.5155,48.81,48.4745,48.794,29325760,47.67
2017-05-31,48.751,48.9635,48.009,48.243,48943920,47.538
2017-06-01,48.4475,48.575,48.0005,48.3475,28203880,47.1155
2017-06-02,48.473,48.78,48.3,48.78,34943180,46.989
2017-06-05,48.8275,49.3455,48.755,49.184,25038300,47.8685
2017-06-06,49.158,49.4125,48.757,48.836,36287480,47.5315
2017-06-07,48.9825,49.2075,48.7885,49.054,28943840,47.9725
2017-06-08,49.1175,49.2285,48.86,49.17,29543680,47.8545
2017-06-09,49.225,49.225,46.7815,47.4915,66123720,48.2795
2017-06-12,46.978,47.4678,45.7616,47.145,75248800,47.6135
2017-06-13,47.5955,47.999,47.2045,47.67,40261540,46.4065
2017-06-14,47.996,48.0575,47.1125,47.538,29748600,47.0245
2017-06-15,46.6985,47.167,46.222,47.1155,41305540,45.8895
2017-06-16,47.0,47.102,46.5798,46.989,61239960,45.4365
2017-06-19,47.498,47.9995,47.4525,47.8685,30609340,44.9055
2017-06-20,47.876,48.081,47.5005,47.5315,22517240,45.5855
2017-06-21,47.682,48.005,47.538,47.9725,24044660,45.3345
2017-06-22,47.935,48.036,47.7275,47.8545,18833560,45.9295
2017-06-23,47.8415,48.3,47.71,48.2795,30550300,46.44
2017-06-26,48.495,48.6655,47.5395,47.6135,31937520,46.5045
2017-06-27,47.123,47.4145,46.3425,46.4065,51562860,47.1915
2017-06-28,46.45,47.1375,45.8,47.0245,54384540,47.358
2017-06-29,46.496,46.563,45.531,45.8895,65762580,47.8
2017-06-30,46.3025,46.3025,45.4155,45.4365,41728040,47.671
2017-07-03,45.609,45.697,44.7395,44.9055,34207460,48.27
2017-07-05,45.088,45.7255,44.925,45.5855,36266380,48.5445
2017-07-06,45.206,45.7472,44.985,45.3345,28487680,48.4075
2017-07-07,45.4425,46.077,45.4425,45.9295,32066120,48.646
2017-07-10,46.0885,46.519,45.9795,46.44,23841820,49.017
2017-07-11,46.477,46.5715,46.1,46.5045,22250620,47.535
2017-07-12,46.934,47.315,46.7235,47.1915,30627880,47.39
2017-07-13,47.3145,47.7225,47.1505,47.358,25893500,46.7045
2017-07-14,47.6,47.8455,47.4002,47.8,21057880,47.0765
2017-07-17,47.85,48.037,47.462,47.671,23285440,46.525
2017-07-18,47.65,48.402,47.53,48.27,23061060,46.5415
2017-07-19,48.392,48.652,48.2015,48.5445,24479560,46.5195
2017-07-20,48.75,48.795,48.0755,48.4075,32427980,46.1825
2017-07-21,48.1125,48.6615,48.0075,48.646,33947960,46.398
2017-07-24,48.611,49.31,48.5385,49.017,64376060,46.468
2017-07-25,47.6905,47.985,47.27,47.535,93166420,46.3395
2017-07-26,47.734,47.75,47.114,47.39,41643880,46.145
2017-07-27,47.589,47.589,46.0,46.7045,62589300,45.362
2017-07-28,46.47,47.1915,46.375,47.0765,36049020,45.7195
2017-07-31,47.0945,47.1795,46.302,46.525,39309100,46.1335
2017-08-01,46.619,46.8724,46.463,46.5415,24694920,46.111
2017-08-02,46.4305,46.63,45.834,46.5195,36448480,46.348
2017-08-03,46.517,46.612,46.112,46.1825,24039500,45.549
2017-08-04,46.332,46.5154,46.1515,46.398,21638360,45.5335
2017-08-07,46.453,46.585,46.325,46.468,20634420,45.333
2017-08-08,46.3545,46.7907,46.2805,46.3395,21150640,46.2345
2017-08-09,46.0305,46.299,45.8625,46.145,23826820,46.35
2017-08-10,45.8775,45.963,45.3065,45.362,35147780,46.064
2017-08-11,45.3985,45.889,45.279,45.7195,24119400,45.7945
2017-08-14,46.1265,46.2334,45.9095,46.1335,21268240,45.6905
2017-08-15,46.2115,46.3275,45.991,46.111,17650220,46.0645
2017-08-16,46.2645,46.635,46.1723,46.348,20115220,46.4785
2017-08-17,46.289,46.343,45.549,45.549,25090060,46.9665
2017-08-18,45.5155,45.7638,45.3577,45.5335,26840220,46.867
2017-08-21,45.5,45.65,45.17,45.333,18847680,46.4225
2017-08-22,45.636,46.293,45.5738,46.2345,23326520,46.3905
2017-08-23,46.0965,46.4965,45.968,46.35,21771800,46.801
2017-08-24,46.433,46.542,45.775,46.064,25398100,46.325
2017-08-25,46.1745,46.2778,45.775,45.7945,21055500,46.454
2017-08-28,45.8,45.9622,45.5935,45.6905,21707060,46.6035
2017-08-29,45.255,46.1665,45.25,46.0645,23710020,46.7545
2017-08-30,46.0025,46.5409,45.9825,46.4785,26022540,46.2555
2017-08-31,46.588,47.099,46.588,46.9665,31537500,46.0145
2017-09-01,47.0565,47.124,46.7575,46.867,18940780,45.75
2017-09-05,46.654,46.85,46.098,46.4225,26935940,46.0905
2017-09-06,46.5075,46.5458,45.9635,46.3905,30545480,46.579
2017-09-07,46.5865,46.8205,46.181,46.801,24239940,46.6225
2017-09-08,46.8245,46.8495,46.244,46.325,19983320,46.4265
2017-09-11,46.7125,46.919,46.346,46.454,25321580,46.0485
2017-09-12,46.6295,46.674,46.193,46.6035,22681080,46.243
2017-09-13,46.533,46.8625,46.493,46.7545,22024380,47.2245
2017-09-14,46.5625,46.6385,46.2,46.2555,27910860,47.475
2017-09-15,46.233,46.3245,45.818,46.0145,49990900,47.9555
2017-09-18,46.0005,46.104,45.53,45.75,26016520,47.6635
2017-09-19,45.871,46.121,45.6275,46.0905,18465060,47.8895
2017-09-20,46.149,46.694,46.1,46.579,30845320,47.584
2017-09-21,46.65,46.8265,46.1915,46.6225,24541320,48.498
2017-09-22,46.3875,46.7365,46.324,46.4265,21043420,48.919
2017-09-25,46.2725,46.32,45.485,46.0485,37117720,48.85
2017-09-26,46.186,46.541,46.057,46.243,33334980,48.63
2017-09-27,46.387,47.495,46.387,47.2245,44750760,49.4625
2017-09-28,47.068,47.5345,47.0275,47.475,19944040,49.3955
2017-09-29,47.6,47.9893,47.5755,47.9555,31594560,49.484
2017-10-02,47.999,48.127,47.392,47.6635,25657220,49.6
2017-10-03,47.7,47.9,47.457,47.8895,17766120,49.609
2017-10-04,47.85,48.0195,47.5345,47.584,19035840,49.6405
2017-10-05,47.7745,48.5455,47.759,48.498,24267360,49.2225
2017-10-06,48.335,48.973,48.168,48.919,23454760,49.41
2017-10-09,49.0,49.2712,48.8055,48.85,17814440,48.4225
2017-10-10,49.0,49.0785,48.304,48.63,19362300,48.527
2017-10-11,48.686,49.5355,48.6125,49.4625,33857600,48.6665
2017-10-12,49.3725,49.706,49.25,49.3955,25567260,48.628
2017-10-13,49.6,49.8605,49.45,49.484,23391740,50.9635
2017-10-16,49.605,49.6954,49.2,49.6,18204920,50.8555
2017-10-17,49.5145,49.822,49.4295,49.609,25803140,50.832
2017-10-18,49.5885,49.836,49.3488,49.6405,21150120,51.275
2017-10-19,49.3,49.444,48.9195,49.2225,26258040,51.279
2017-10-20,49.472,49.55,49.229,49.41,23523540,51.624
2017-10-23,49.476,49.476,48.306,48.4225,29566160,51.295
2017-10-24,48.5,48.6115,48.05,48.527,24121980,51.6665
2017-10-25,48.4185,48.8045,48.026,48.6665,24208380,51.9925
2017-10-26,49.0,49.38,48.61,48.628,40620780,51.5525
2017-10-27,50.4555,52.4195,50.4125,50.9635,103318660,51.4035
2017-10-30,50.7,51.2485,50.375,50.8555,41701240,51.2875
2017-10-31,50.761,51.2,50.521,50.832,26627820,51.3
2017-11-01,50.8605,51.4835,50.8475,51.275,27468880,51.0455
2017-11-02,51.088,51.4045,50.6505,51.279,20979400,51.625
2017-11-03,51.1055,51.6325,51.0155,51.624,21527000,50.9545
2017-11-06,51.4495,51.7435,51.25,51.295,22495300,50.919
2017-11-07,51.3635,51.698,51.356,51.6665,22242920,51.7245
2017-11-08,51.526,52.176,51.4225,51.9925,21767900,51.798
2017-11-09,51.6995,51.6995,50.9835,51.5525,24897720,52.0305
2017-11-10,51.323,51.538,51.264,51.4035,14413480,52.718
2017-11-13,51.171,51.579,51.1285,51.2875,17712300,52.3705
2017-11-14,51.1295,51.3405,50.7075,51.3,19174940,51.083
2017-11-15,50.9605,51.2045,50.771,51.0455,16960100,51.0705
2017-11-16,51.126,51.796,51.126,51.625,22588500,50.5085
2017-11-17,51.7005,51.721,50.8875,50.9545,27340740,49.934
2017-11-20,51.013,51.1305,50.875,50.919,19033920,50.2575
2017-11-21,51.1655,51.7555,51.133,51.7245,21923440,50.919
2017-11-22,51.75,51.9855,51.5715,51.798,14927080,51.5465
2017-11-24,51.7935,52.159,51.75,52.0305,10739920,51.844
2017-11-27,52.0,52.773,51.922,52.718,26149520,52.055
2017-11-28,52.7545,53.119,52.0,52.3705,28457540,52.024
2017-11-29,52.134,52.1795,50.7825,51.083,49164040,52.0305
2017-11-30,51.1185,51.4245,50.75,51.0705,34472700,52.4575
2017-12-01,50.79,51.1245,50.101,50.5085,38179700,53.2095
2017-12-04,50.633,50.805,49.7785,49.934,38121500,53.857
2017-12-05,49.797,51.0305,49.414,50.2575,41325520,53.534
2017-12-06,50.075,51.2485,50.057,50.919,25170380,53.2475
2017-12-07,51.0215,51.712,50.9035,51.5465,29163080,53.1815
2017-12-08,51.8745,52.1025,51.626,51.844,25769640,53.006
2017-12-11,51.775,52.19,51.6025,52.055,23810620,52.837
2017-12-12,51.9815,52.5155,51.6845,52.024,25590520,52.4685
2017-12-13,52.306,52.3335,51.919,52.0305,24407300,52.407
2017-12-14,52.25,52.925,52.1555,52.4575,31174440,52.32
2017-12-15,52.7305,53.381,52.475,53.2095,65512120,53.245
2017-12-18,53.304,53.9245,53.1,53.857,31040360,54.124
2017-12-19,53.76,53.842,53.1775,53.534,26768440,54.32
2017-12-20,53.589,53.669,53.076,53.2475,25365720,55.1115
2017-12-21,53.2475,53.4665,53.0895,53.1815,19731060,55.347
2017-12-22,53.0555,53.21,52.972,53.006,15101780,55.313
2017-12-26,52.9035,52.9415,52.51,52.837,15223700,55.1305
2017-12-27,52.8695,52.9185,52.4025,52.4685,25436020,55.276
2017-12-28,52.58,52.7375,52.2385,52.407,16692240,56.113
2017-12-29,52.336,52.485,52.245,52.32,17737880,56.088
2018-01-02,52.417,53.347,52.2615,53.245,24728020,56.599
2018-01-03,53.2155,54.3145,53.1605,54.124,28597660,56.4895
2018-01-04,54.4,54.6785,54.2,54.32,20074800,56.8755
2018-01-05,54.7,55.2125,54.6,55.1115,25578420,57.7905
2018-01-08,55.1115,55.5635,55.081,55.347,20935380,58.4985
2018-01-09,55.47,55.5285,55.0615,55.313,18042760,58.212
2018-01-10,54.855,55.23,54.8055,55.1305,20845940,58.5185
2018-01-11,55.315,55.325,54.9795,55.276,19559180,58.792
2018-01-12,55.1205,56.2145,55.0575,56.113,34369960,58.779
2018-01-16,56.6255,56.9955,55.8915,56.088,31333480,58.1845
2018-01-17,56.311,56.63,55.8505,56.599,24009580,58.497
2018-01-18,56.5705,56.6255,55.875,56.4895,23934860,58.385
2018-01-19,56.5915,56.893,56.415,56.8755,27804440,55.595
2018-01-22,56.8745,57.994,56.7555,57.7905,32322700,52.79
2018-01-23,57.9925,58.5815,57.9375,58.4985,26389360,54.03
2018-01-24,58.8665,58.993,58.0525,58.212,27658280,52.429
2018-01-25,58.6265,58.797,58.138,58.5185,29230400,50.076
2018-01-26,58.754,58.792,57.9055,58.792,39641900,51.889
2018-01-29,58.824,59.3445,58.599,58.779,26746840,52.624
2018-01-30,58.3915,58.826,58.176,58.1845,30923940,52.605
2018-01-31,58.5285,58.65,57.9565,58.497,30496920,53.4855
2018-02-01,58.1305,58.7,57.876,58.385,47762680,54.476
2018-02-02,56.1,56.1535,55.364,55.595,96762420,54.74
2018-02-05,54.53,55.5,52.6015,52.79,75414080,55.1355
2018-02-06,51.359,54.0855,51.1568,54.03,68959120,55.567
2018-02-07,54.077,54.089,52.413,52.429,47197600,55.3315
2018-02-08,52.7705,52.931,50.033,50.076,56204240,56.3395
2018-02-09,50.8625,52.1985,49.628,51.889,70079840,57.1875
2018-02-12,52.4,53.075,52.0465,52.624,41111400,55.9145
2018-02-13,52.25,52.9185,52.2045,52.605,24279040,55.2365
2018-02-14,52.4475,53.586,52.3375,53.4855,31107680,53.476
2018-02-15,53.9535,54.574,53.217,54.476,35715400,53.946
2018-02-16,54.4205,55.2335,54.4155,54.74,33610900,54.5465
2018-02-20,54.5285,55.6975,54.426,55.1355,27834280,54.753
2018-02-21,55.3235,56.6985,55.3165,55.567,30150100,55.482
2018-02-22,55.8095,56.141,55.1295,55.3315,26193240,56.3
2018-02-23,55.632,56.364,55.2355,56.3395,25184600,58.002
2018-02-26,56.39,57.198,56.335,57.1875,30306580,58.225
2018-02-27,57.062,57.202,55.9,55.9145,35481600,56.9085
2018-02-28,56.1515,56.3765,55.162,55.2365,37652000,57.4745
2018-03-01,55.3935,55.506,53.35,53.476,50318200,57.479
2018-03-02,52.654,54.1,52.406,53.946,45431020,56.7865
2018-03-05,53.757,54.855,53.45,54.5465,24043480,54.991
2018-03-06,54.961,55.0925,54.489,54.753,30655660,54.8855
2018-03-07,54.4595,55.611,54.274,55.482,25850740,54.544
2018-03-08,55.766,56.38,55.64,56.3,27102500,52.454
2018-03-09,56.8,58.04,56.623,58.002,42560760,51.0785
2018-03-12,58.1925,58.8525,57.871,58.225,43445440,52.6605
2018-03-13,58.5,58.838,56.6665,56.9085,38143420,50.255
2018-03-14,57.2605,57.9295,57.072,57.4745,25828300,50.228
2018-03-15,57.498,58.054,56.727,57.479,29444520,51.5895
2018-03-16,57.707,57.794,56.598,56.7865,61839080,50.3235
2018-03-19,56.0005,56.0995,54.4505,54.991,56118740,50.6705
2018-03-20,54.95,55.26,54.173,54.8855,36637920,51.257
2018-03-21,54.637,55.315,54.2575,54.544,37577460,51.3905
2018-03-22,54.094,54.145,52.2955,52.454,53339280,50.352
2018-03-23,52.3515,53.168,51.061,51.0785,43133440,50.7725
2018-03-26,52.3,52.7815,50.42,52.6605,53302620,51.582
2018-03-27,53.15,53.242,49.846,50.255,61906300,50.9985
2018-03-28,49.9,51.2115,49.032,50.228,67385500,51.6255
2018-03-29,50.5815,52.15,50.145,51.5895,54536600,51.4635
2018-04-02,51.141,51.74,49.5185,50.3235,53608000,51.899
2018-04-03,50.6955,51.0495,49.7035,50.6705,45501520,53.708
2018-04-04,49.6705,51.436,49.65,51.257,49693020,53.604
2018-04-05,52.0665,52.1395,51.0065,51.3905,27260980,54.385
2018-04-06,51.0,51.571,50.1515,50.352,34928600,53.648
2018-04-09,50.84,51.98,50.704,50.7725,35031180,53.3725
2018-04-10,51.322,51.814,50.567,51.582,40592960,50.999
2018-04-11,50.9985,51.568,50.7935,50.9985,29677620,51.059
2018-04-12,51.252,52.0345,51.0715,51.6255,27187780,52.002
2018-04-13,52.044,52.321,51.149,51.4635,24460340,51.5025
2018-04-16,51.85,52.162,51.337,51.899,24224160,50.8665
2018-04-17,52.5685,53.894,52.413,53.708,46405320,51.8655
2018-04-18,53.8715,53.8715,53.3115,53.604,26882760,51.219
2018-04-19,53.47,54.7085,53.409,54.385,34953420,51.186
2018-04-20,54.1,54.6175,53.4785,53.648,37793720,52.4105
2018-04-23,53.893,54.136,53.035,53.3725,46825160,52.7395
2018-04-24,52.6,52.85,50.5295,50.999,95205200,52.6955
2018-04-25,51.276,51.6245,50.7655,51.059,47822100,54.138
2018-04-26,51.4755,52.399,50.9095,52.002,41590660,54.8785
2018-04-27,52.3,52.475,51.2795,51.5025,32395920,54.913
2018-04-30,51.5005,51.85,50.8425,50.8665,33425080,55.01
2018-05-01,50.683,51.9235,50.4105,51.8655,28557140,53.9615
2018-05-02,51.405,52.0195,51.1435,51.219,32061620,54.0885
2018-05-03,50.95,51.484,50.3145,51.186,36301160,53.9295
2018-05-04,50.845,52.4255,50.845,52.4105,38773160,53.318
2018-05-07,52.4615,53.084,52.355,52.7395,29321300,53.979
2018-05-08,52.927,53.0275,52.3575,52.6955,24354420,53.4865
2018-05-09,52.905,54.272,52.8185,54.138,40656360,53.9845
2018-05-10,54.3015,55.022,54.282,54.8785,28860500,53.962
2018-05-11,54.68,55.0665,54.5455,54.913,25073300,53.783
2018-05-14,55.0,55.5375,54.9555,55.01,30361540,53.016
2018-05-15,54.5,54.5025,53.6735,53.9615,29897440,53.39
2018-05-16,53.8655,54.4635,53.813,54.0885,21946340,54.2495
2018-05-17,53.9945,54.3435,53.675,53.9295,20875320,55.975
2018-05-18,53.093,53.497,53.034,53.318,31304800,56.9645
2018-05-21,53.703,54.4,53.6825,53.979,20464220,56.983
2018-05-22,54.178,54.3295,53.3345,53.4865,21800040,56.844
2018-05-23,53.2565,54.039,53.0855,53.9845,21213660,56.193
2018-05-24,53.95,54.0235,53.3075,53.962,15335460,56.0435
2018-05-25,53.951,54.128,53.689,53.783,17988120,56.4995
2018-05-29,53.2445,53.6685,52.761,53.016,37302780,56.966
2018-05-30,53.1515,53.4605,52.8415,53.39,22769140,56.7395
2018-05-31,53.378,54.8595,53.378,54.2495,61766100,57.606
2018-06-01,54.9675,56.0,54.925,55.975,48431960,57.613
2018-06-04,56.1165,57.0945,56.1005,56.9645,37791580,58.673
2018-06-05,57.0495,57.287,56.6595,56.983,33559460,58.403
2018-06-06,57.1085,57.15,56.287,56.844,33964940,58.492
2018-06-07,56.566,56.791,55.826,56.193,30400400,57.883
2018-06-08,55.909,56.3335,55.6075,56.0435,25816900,57.774
2018-06-11,55.93,56.863,55.93,56.4995,21585880,56.2405
2018-06-12,56.5535,56.9895,56.537,56.966,18240360,55.923
2018-06-13,57.056,57.325,56.669,56.7395,30128140,55.199
2018-06-14,57.1925,57.7735,57.032,57.606,27017360,55.711
2018-06-15,57.443,57.671,57.1745,57.613,42449520,55.7825
2018-06-18,57.1825,58.7155,57.1795,58.673,28273840,56.373
2018-06-19,57.925,58.5635,57.7005,58.403,32420360,55.1445
2018-06-20,58.7655,59.3145,58.458,58.492,32970720,56.2135
2018-06-21,58.7425,58.865,57.6115,57.883,24762360,57.0085
2018-06-22,57.957,58.125,57.363,57.774,26219340,57.7025
2018-06-25,57.18,57.1955,55.639,56.2405,43146200,57.642
2018-06-26,56.4,56.6605,55.833,55.923,31264500,57.695
2018-06-27,56.067,56.592,55.181,55.199,25877840,59.174
2018-06-28,55.1045,56.1155,54.8005,55.711,21448760,59.441
2018-06-29,56.0,56.4115,55.75,55.7825,26302420,59.193
2018-07-02,54.95,56.4,54.69,56.373,24346220,59.94
2018-07-03,56.791,56.791,55.001,55.1445,13580680,59.794
2018-07-05,55.5265,56.375,55.424,56.2135,21333700,59.348
2018-07-06,56.179,57.0465,56.037,57.0085,19921580,59.2455
2018-07-09,57.424,57.7335,57.171,57.7025,18179380,60.275
2018-07-10,57.849,57.9795,57.4795,57.642,15968240,62.404
2018-07-11,57.2295,58.2145,57.05,57.695,22399860,63.185
2018-07-12,57.9945,59.2205,57.797,59.174,25037680,63.4165
2018-07-13,59.25,59.771,59.0,59.441,24441440,61.925
2018-07-16,59.4695,59.55,58.964,59.193,21113240,60.987
2018-07-17,58.611,60.152,58.53,59.94,32207060,60.863
2018-07-18,59.828,60.225,59.517,59.794,27872120,61.0005
2018-07-19,59.55,60.0,59.166,59.348,25533340,61.3075
2018-07-20,59.348,59.843,59.211,59.2455,24968000,61.1855
2018-07-23,59.0505,60.3245,59.05,60.275,52384680,61.2385
2018-07-24,63.1295,63.3,61.778,62.404,66364080,62.111
2018-07-25,61.9565,63.293,61.9565,63.185,42799980,62.2805
2018-07-26,62.55,63.4885,62.451,63.4165,48112760,62.455
2018-07-27,63.55,63.6945,61.55,61.925,42611160,61.8805
2018-07-30,61.4005,61.746,60.5735,60.987,36998080,61.7505
2018-07-31,61.0005,61.3795,60.28,60.863,32894440,62.105
2018-08-01,61.4,61.6735,60.5105,61.0005,31345280,60.719
2018-08-02,60.295,61.494,60.2395,61.3075,30625980,60.3245
2018-08-03,61.481,61.5,60.753,61.1855,21797920,60.048
2018-08-06,61.25,61.3045,60.79,61.2385,21634460,60.3885
2018-08-07,61.85,62.5585,61.8085,62.111,29879600,60.081
2018-08-08,62.0235,62.825,61.9005,62.2805,27418260,60.3665
2018-08-09,62.495,62.777,62.3005,62.455,16972020,60.269
2018-08-10,62.15,62.285,61.6,61.8805,22178380,61.0325
2018-08-13,61.849,62.4635,61.682,61.7505,19946920,62.091
2018-08-14,61.7595,62.2935,61.2555,62.105,26963880,61.5575
2018-08-15,61.463,61.762,60.4755,60.719,36576280,62.465
2018-08-16,61.2365,61.3,60.1275,60.3245,26863220,61.956
2018-08-17,60.1015,60.451,59.412,60.048,27792900,60.9095
2018-08-20,60.251,60.55,59.7315,60.3885,17415440,59.85
2018-08-21,60.4,60.863,60.0175,60.081,24111600,59.324
2018-08-22,60.0,60.592,59.95,60.3665,17747780,58.572
2018-08-23,60.357,61.064,60.212,60.269,19852080,58.2415
2018-08-24,60.441,61.0825,60.318,61.0325,18936800,58.232
2018-08-27,61.38,62.1545,61.286,62.091,23125100,58.868
2018-08-28,62.0645,62.1275,61.4345,61.5575,26080140,58.141
2018-08-29,61.8725,62.533,61.818,62.465,26186240,58.7665
2018-08-30,62.2115,62.682,61.6295,61.956,26628780,58.6265
2018-08-31,61.749,61.933,60.5645,60.9095,36328520,57.8025
2018-09-04,60.2135,60.6495,59.625,59.85,36620900,58.061
2018-09-05,59.69,59.9505,58.1,59.324,41226180,58.5545
2018-09-06,59.315,59.315,57.6,58.572,37769340,59.3435
2018-09-07,57.9335,58.763,57.861,58.2415,28028080,58.3045
2018-09-10,58.6095,58.727,58.0055,58.232,22315920,58.6685
2018-09-11,58.0815,58.934,57.812,58.868,24191300,59.2325
2018-09-12,58.636,58.9305,57.918,58.141,25909440,59.0245
2018-09-13,58.537,58.9305,58.1425,58.7665,28624280,59.732
2018-09-14,58.955,59.0215,58.4165,58.6265,18879560,59.6735
2018-09-17,58.507,58.862,57.7015,57.8025,26130440,59.7655
2018-09-18,57.8545,58.804,57.8545,58.061,24073720,60.0055
2018-09-19,58.249,58.6605,57.729,58.5545,23827720,60.1475
2018-09-20,58.9995,59.4945,58.668,59.3435,24507740,58.4095
2018-09-21,59.6,59.6105,58.302,58.3045,88111680,57.8675
2018-09-24,57.8585,58.9,57.3455,58.6685,25420340,57.4485
2018-09-25,58.8075,59.344,58.4,59.2325,19554620,56.941
2018-09-26,59.2575,59.7115,58.7385,59.0245,29245060,54.061
2018-09-27,59.3365,60.105,59.1815,59.732,25215080,53.966
2018-09-28,59.5935,59.7705,59.225,59.6735,27612580,55.504
2018-10-01,59.9945,60.495,59.515,59.7655,27152080,54.6125
2018-10-02,59.548,60.498,59.3315,60.0055,33758280,56.064
2018-10-03,60.25,60.3205,59.6915,60.1475,25124280,55.7845
2018-10-04,59.7665,59.8755,57.779,58.4095,44189800,54.3985
2018-10-05,58.375,58.675,57.256,57.8675,23689040,54.823
2018-10-08,57.5055,58.4,56.368,57.4485,38647100,55.058
2018-10-09,57.3075,57.7175,56.8785,56.941,26175280,55.1845
2018-10-10,56.554,56.6085,54.0565,54.061,53514840,52.5355
2018-10-11,53.647,55.32,53.4135,53.966,59002400,54.7785
2018-10-12,55.4,55.75,54.32,55.504,42026060,53.5735
2018-10-15,55.4455,55.6725,54.45,54.6125,27447860,51.004
2018-10-16,55.2295,56.211,55.125,56.064,38570800,51.8105
2018-10-17,56.323,56.4495,55.1095,55.7845,29344520,53.8385
2018-10-18,56.092,56.092,53.8545,54.3985,41890480,53.5
2018-10-19,54.6685,55.518,54.3875,54.823,25352980,52.8895
2018-10-22,55.153,55.6115,54.55,55.058,30284400,52.0045
2018-10-23,54.0445,55.3945,53.5,55.1845,36973080,52.7905
2018-10-24,55.2125,55.306,52.437,52.5355,39648600,54.6695
2018-10-25,53.5895,55.549,53.4775,54.7785,50916780,54.12
2018-10-26,51.8515,55.3265,51.7045,53.5735,83751720,53.3075
2018-10-29,54.1235,54.852,49.7915,51.004,77614460,51.9315
2018-10-30,50.423,51.8745,50.0375,51.8105,64253140,51.8025
2018-10-31,52.9905,54.597,52.85,53.8385,50595360,52.183
2018-11-01,53.79,54.199,53.123,53.5,29639580,53.2355
2018-11-02,53.6865,54.149,52.7305,52.8895,36780860,53.0745
2018-11-05,52.75,52.9235,51.062,52.0045,48828600,51.0
2018-11-06,51.974,53.2175,51.9035,52.7905,24666120,51.288
2018-11-07,53.45,54.773,53.295,54.6695,41167120,51.8805
2018-11-08,54.569,54.6635,53.61,54.12,29763640,51.194
2018-11-09,53.6995,53.778,52.6555,53.3075,26866260,52.431
2018-11-12,53.0695,53.106,51.55,51.9315,29435160,52.2205
2018-11-13,52.1645,52.8305,51.5575,51.8025,30274040,54.3115
2018-11-14,52.5,52.728,51.55,52.183,31318900,54.415
2018-11-15,52.2355,53.5925,51.589,53.2355,36721680,54.7215
2018-11-16,52.9705,53.35,52.449,53.0745,33162320,55.3215
2018-11-19,52.86,53.0395,50.813,51.0,37172280,52.541
2018-11-20,50.0,51.587,49.801,51.288,48982600,53.4365
2018-11-21,51.838,52.428,51.6735,51.8805,30685480,51.829
2018-11-23,51.5,51.8795,51.12,51.194,13829240,51.9775
2018-11-26,51.9175,52.4655,51.6955,52.431,38856440,52.5875
2018-11-27,52.05,52.879,51.9245,52.2205,36063280,53.184
2018-11-28,52.438,54.342,51.788,54.3115,49508380,53.095
2018-11-29,53.804,54.7125,53.8,54.415,29377180,52.105
2018-11-30,54.4535,54.7785,53.894,54.7215,51612240,50.8265
2018-12-03,56.157,56.2325,55.183,55.3215,39815160,51.4355
2018-12-04,55.156,55.221,52.499,52.541,46903320,51.1505
2018-12-06,51.713,53.56,51.5385,53.4365,55384500,50.4705
2018-12-07,53.0005,53.763,51.425,51.829,42024120,48.977
2018-12-10,51.7525,52.4225,51.1645,51.9775,36154500,48.811
2018-12-11,52.8245,53.03,51.992,52.5875,27894620,51.973
2018-12-12,53.4,54.0825,53.1395,53.184,30476080,52.194
2018-12-13,53.4035,53.988,52.6965,53.095,26595360,51.854
2018-12-14,52.499,53.13,52.0395,52.105,33732380,51.7805
2018-12-17,51.8755,52.6575,50.395,50.8265,47707280,52.2925
2018-12-18,51.3045,52.474,51.072,51.4355,43850660,50.803
2018-12-19,51.6995,53.1,50.4025,51.1505,49586760,53.5355
2018-12-20,50.9065,51.711,49.818,50.4705,53469280,53.4195
2018-12-21,50.765,51.201,48.6845,48.977,91917820,53.814
2018-12-24,48.695,50.177,48.5055,48.811,31806560,53.733
2018-12-26,49.4505,52.0,49.15,51.973,47465400,53.5165
2018-12-27,50.8575,52.1945,49.85,52.194,42195540,52.8595
2018-12-28,52.481,52.778,51.655,51.854,28275440,52.2345
2018-12-31,52.548,52.635,51.1795,51.7805,29874440,53.8575
2019-01-02,50.8285,52.616,50.7855,52.2925,30652160,54.0485
2019-01-03,52.05,52.849,50.7035,50.803,36821320,54.495
2019-01-04,51.6295,53.542,51.371,53.5355,41877880,54.913
2019-01-07,53.575,53.7,52.738,53.4195,39637480,53.526
2019-01-08,53.8055,54.228,53.0265,53.814,35305340,53.7785
2019-01-09,54.0825,54.1315,53.32,53.733,23985440,53.695
2019-01-10,53.383,53.5575,52.8855,53.5165,29128420,54.5495
2019-01-11,53.159,53.189,52.424,52.8595,30415120,53.504
2019-01-14,52.346,52.5765,52.063,52.2345,22885260,53.031
2019-01-15,52.5085,54.0025,52.367,53.8575,29271400,54.453
2019-01-16,54.0,54.619,53.967,54.0485,26636380,55.8185
2019-01-17,53.9735,54.59,53.675,54.495,24853280,55.5375
2019-01-18,55.0,55.4175,54.545,54.913,39111180,56.64
2019-01-22,54.4,54.5755,53.1735,53.526,32270540,57.2995
2019-01-23,53.8675,54.2465,52.9875,53.7785,19339120,55.7615
2019-01-24,53.824,53.974,53.035,53.695,27233460,54.9355
2019-01-25,54.25,54.7,54.091,54.5495,22384320,54.753
2019-01-28,54.0055,54.15,53.19,53.504,25685620,54.7505
2019-01-29,53.634,53.7575,52.793,53.031,20436380,56.0685
2019-01-30,53.4215,54.55,53.3425,54.453,25596440,56.008
2019-01-31,55.15,55.8665,54.7705,55.8185,30766480,56.0835
2019-02-01,55.62,56.25,55.2445,55.5375,29244160,55.6825
2019-02-04,55.633,56.64,55.451,56.64,51529400,55.928
2019-02-05,56.242,57.3425,55.8625,57.2995,71043880,55.69
2019-02-06,56.9785,57.35,55.6385,55.7615,42111840,54.8485
2019-02-07,55.208,55.242,54.3,54.9355,40896540,55.5185
2019-02-08,54.35,54.9455,54.3275,54.753,21515380,55.47
2019-02-11,54.8475,55.2975,54.643,54.7505,21303880,55.7565
2019-02-12,55.34,56.265,55.2925,56.0685,32190260,55.8025
2019-02-13,56.2495,56.7365,55.925,56.008,20995620,55.996
2019-02-14,55.9025,56.4115,55.5225,56.0835,18952640,57.0495
2019-02-15,56.504,56.5835,55.5325,55.6825,28996600,57.39
2019-02-19,55.5,56.0945,55.5,55.928,20932560,58.1015
2019-02-20,55.9995,56.1705,55.264,55.69,21756340,57.893
2019-02-21,55.542,55.597,54.626,54.8485,28309460,57.165
2019-02-22,55.045,55.562,54.78,55.5185,20990900,57.116
2019-02-25,55.8,55.927,55.3635,55.47,28261220,58.788
2019-02-26,55.2875,55.9755,54.996,55.7565,29434860,59.66
2019-02-27,55.3475,55.899,55.05,55.8025,19375200,59.666
2019-02-28,55.565,56.3825,55.5505,55.996,30852180,59.2775
2019-03-01,56.245,57.1485,56.2375,57.0495,29006320,59.223
2019-03-04,57.3495,57.914,56.5345,57.39,28920940,59.213
2019-03-05,57.503,58.4805,57.31,58.1015,28863480,59.9425
2019-03-06,58.1245,58.3785,57.7745,57.893,21985780,61.1985
2019-03-07,57.786,57.838,56.7455,57.165,23331180,61.577
2019-03-08,56.3365,57.354,56.165,57.116,24249780,60.275
2019-03-11,57.2225,58.8095,57.2225,58.788,34383840,59.65
2019-03-12,58.913,60.0,58.913,59.66,40262300,59.231
2019-03-13,60.0325,60.0465,59.597,59.666,28718720,58.651
2019-03-14,59.7255,59.894,59.224,59.2775,23456300,58.4245
2019-03-15,59.669,59.8285,59.1305,59.223,49199140,58.6655
2019-03-18,59.165,59.5,58.871,59.213,25852660,59.7215
2019-03-19,59.4405,60.0,59.2935,59.9425,30413760,60.0245
2019-03-20,59.8675,61.357,59.8085,61.1985,44555720,60.296
2019-03-21,60.8,61.5895,60.6575,61.577,24080900,60.75
2019-03-22,61.316,61.5,60.1415,60.275,34284940,60.3575
2019-03-25,59.8465,60.32,59.352,59.65,29936860,60.192
2019-03-26,59.9265,60.1415,58.836,59.231,38023120,59.8625
2019-03-27,59.275,59.378,57.9685,58.651,28004800,60.108
2019-03-28,58.577,58.5785,57.9715,58.4245,20248600,60.231
2019-03-29,58.745,58.9495,58.144,58.6655,25399580,60.8935
2019-04-01,59.205,59.833,59.1,59.7215,25055140,61.055
2019-04-02,59.766,60.0675,59.2855,60.0245,16559460,61.3565
2019-04-03,60.374,60.815,60.025,60.296,20356760,61.817
2019-04-04,60.297,60.7835,60.2065,60.75,19014940,61.8185
2019-04-05,60.7495,60.811,60.2515,60.3575,18143040,62.442
2019-04-08,60.3945,60.4345,59.993,60.192,17207260,63.2275
2019-04-09,59.8,60.1145,59.654,59.8625,17527620,62.8
2019-04-10,60.034,60.1895,59.822,60.108,14492860,63.1725
2019-04-11,60.198,60.398,60.0065,60.231,14204620,63.609
2019-04-12,60.5,60.9175,60.4055,60.8935,18675880,64.379
2019-04-15,60.9,61.21,60.4555,61.055,23750380,59.424
2019-04-16,61.25,61.541,61.006,61.3565,17126080,58.404
2019-04-17,61.65,62.028,61.391,61.817,24438600,58.1305
2019-04-18,61.959,62.1,61.7305,61.8185,26636460,59.27
2019-04-22,61.7995,62.4545,61.4155,62.442,16146680,59.4695
2019-04-23,62.5345,63.45,62.319,63.2275,26398200,58.705
2019-04-24,63.206,63.4005,62.75,62.8,20375060,58.3135
2019-04-25,63.2385,63.3705,62.6015,63.1725,22145900,58.119
2019-04-26,63.45,63.6535,63.016,63.609,24828560,58.2135
2019-04-29,63.7,64.4635,63.3145,64.379,49988640,56.6015
2019-04-30,59.25,59.6405,58.75,59.424,124140540,56.022
2019-05-01,59.4025,59.4025,58.359,58.404,52859660,58.2105
2019-05-02,58.388,58.7095,57.75,58.1305,38896340,58.949
2019-05-03,58.6825,59.34,58.45,59.27,39613060,58.115
2019-05-06,58.313,59.5425,58.313,59.4695,31278860,56.9425
2019-05-07,59.0235,59.522,58.052,58.705,31027360,57.4815
2019-05-08,58.6005,59.021,58.287,58.3135,26190280,57.571
2019-05-09,57.9515,58.483,57.5425,58.119,23719460,57.0385
2019-05-10,58.1795,58.63,57.125,58.2135,26290920,56.6735
2019-05-13,57.098,57.397,56.1055,56.6015,37212960,56.7075
2019-05-14,56.8605,57.021,55.9775,56.022,36732080,55.823
2019-05-15,55.8935,58.5665,55.8335,58.2105,45786040,55.8975
2019-05-16,58.2255,59.408,58.142,58.949,30628080,55.1815
2019-05-17,58.4235,59.0075,58.0005,58.115,24172460,51.8115
2019-05-20,57.225,57.34,56.572,56.9425,27065840,52.6525
2019-05-21,57.4245,57.6355,56.897,57.4815,23203160,52.111
2019-05-22,57.3375,57.926,57.2945,57.571,18296780,52.217
2019-05-23,57.025,57.2985,56.461,57.0385,23986000,53.302
2019-05-24,57.368,57.4885,56.583,56.6735,22246820,54.019
2019-05-28,56.7,57.5795,56.656,56.7075,27303320,53.936
2019-05-29,56.376,56.455,55.411,55.823,30764240,53.8515
2019-05-30,55.777,56.1565,55.606,55.8975,19037460,54.4385
2019-05-31,55.0645,55.48,55.009,55.1815,30164060,54.2675
2019-06-03,53.275,53.275,51.25,51.8115,102611520,54.625
2019-06-04,52.145,52.8025,51.6845,52.6525,56669660,55.18
2019-06-05,52.577,52.6775,51.5245,52.111,43368780,55.1165
2019-06-06,52.2495,52.3745,51.685,52.217,34064880,55.571
2019-06-07,52.5315,53.546,52.42,53.302,36047400,56.094
2019-06-10,53.649,54.633,53.616,54.019,29284960,55.776
2019-06-11,54.699,55.0995,53.88,53.936,28741260,54.3175
2019-06-12,53.9,54.0465,53.377,53.8515,21225100,53.99
2019-06-13,54.182,54.7085,54.0075,54.4385,21160000,53.8005
2019-06-14,54.321,54.6345,54.0085,54.2675,22232860,54.0455
2019-06-17,54.314,54.959,54.314,54.625,18832040,54.8975
2019-06-18,55.4845,55.8195,54.9495,55.18,27733680,55.5625
2019-06-19,55.28,55.35,54.674,55.1165,26784360,56.079
2019-06-20,55.9995,56.006,55.237,55.571,25240220,56.5795
2019-06-21,55.462,56.2055,55.404,56.094,38951820,55.8175
2019-06-24,55.9805,56.1,55.5505,55.776,27913920,56.2415
2019-06-25,55.633,55.7175,54.19,54.3175,30938260,57.024
2019-06-26,54.325,54.6485,53.612,53.99,36217380,57.2105
2019-06-27,54.2,54.355,53.7645,53.8005,20089540,57.245
2019-06-28,53.8195,54.05,53.6685,54.0455,33869000,57.517
2019-07-01,54.9,55.379,54.685,54.8975,28770080,57.679
2019-07-02,55.112,55.5885,54.9085,55.5625,19835100,57.3175
2019-07-03,55.8705,56.338,55.693,56.079,15340220,57.3165
2019-07-05,55.89,56.644,55.807,56.5795,25290800,56.505
2019-07-08,56.2585,56.299,55.5605,55.8175,24728380,56.9035
2019-07-09,55.59,56.4015,55.3585,56.2415,26607400,57.3105
2019-07-10,56.561,57.1025,56.5485,57.024,24189320,56.8905
2019-07-11,57.1625,57.6535,56.979,57.2105,23911380,56.606
2019-07-12,57.1995,57.367,56.939,57.245,17279460,62.5205
2019-07-15,57.343,57.541,56.97,57.517,18075600,61.9705
2019-07-16,57.3,57.929,57.25,57.679,24776140,61.257
2019-07-17,57.5485,57.918,57.2885,57.3175,23400940,60.834
2019-07-18,57.087,57.3805,56.6365,57.3165,25825620,60.4505
2019-07-19,57.4095,57.557,56.481,56.505,32944900,59.6995
2019-07-22,56.6725,56.9625,56.212,56.9035,26036920,57.616
2019-07-23,57.2,57.345,56.59,57.3105,21873760,58.4975
2019-07-24,56.8905,57.2,56.3495,56.8905,31802020,58.6995
2019-07-25,56.891,57.085,56.046,56.606,44196460,60.24
2019-07-26,61.202,63.2775,61.2,62.5205,96115040,59.4005
2019-07-29,62.0525,62.3685,61.4115,61.9705,44474620,58.7355
2019-07-30,61.2705,61.7435,61.165,61.257,29065260,59.8635
2019-07-31,61.15,61.7,60.388,60.834,34509080,58.2145
2019-08-01,60.7015,61.7055,60.286,60.4505,33970200,58.363
2019-08-02,60.037,60.345,59.447,59.6995,32901340,58.88
2019-08-05,58.502,58.762,57.007,57.616,51949100,59.9225
2019-08-06,58.1655,58.998,58.0,58.4975,34187480,59.1345
2019-08-07,57.8,58.9225,57.481,58.6995,28886480,59.5625
2019-08-08,59.1415,60.2505,58.651,60.24,29359940,59.4765
2019-08-09,59.8995,60.194,59.18,59.4005,21313160,57.5645
2019-08-12,58.9605,59.248,58.3835,58.7355,20063740,58.4445
2019-08-13,58.573,60.239,58.573,59.8635,26360180,58.392
2019-08-14,58.8155,59.115,58.027,58.2145,31573360,58.551
2019-08-15,58.206,58.792,58.1055,58.363,24494780,59.6425
2019-08-16,58.9505,59.136,58.5905,58.88,26988720,59.405
2019-08-19,59.5045,60.3495,59.5045,59.9225,24650340,58.4195
2019-08-20,59.7625,59.803,59.1055,59.1345,18312100,59.0705
2019-08-21,59.6575,59.95,59.3715,59.5625,14821060,60.569
2019-08-22,59.7035,59.9005,58.929,59.4765,18958120,60.2465
2019-08-23,59.0995,59.704,57.3875,57.5645,33765420,60.2205
2019-08-26,57.863,58.4735,57.648,58.4445,24528820,60.3
2019-08-27,59.0265,59.12,58.0725,58.392,21549040,61.0085
2019-08-28,58.0855,58.821,57.865,58.551,16044860,61.7125
2019-08-29,59.056,59.803,59.056,59.6425,21777160,61.978
2019-08-30,59.925,59.925,59.19,59.405,22599180,61.565
2019-09-03,58.8515,59.3445,58.16,58.4195,29608400,61.4575
2019-09-04,58.8355,59.174,58.55,59.0705,21379360,61.6205
2019-09-05,59.5765,60.652,59.5765,60.569,28172020,61.9355
2019-09-06,60.4065,60.601,60.126,60.2465,21442860,61.4965
2019-09-09,60.222,61.0,59.631,60.2205,29437600,61.7015
2019-09-10,59.7575,60.5,59.729,60.3,25202300,60.938
2019-09-11,60.1705,61.13,60.11,61.0085,26140660,62.326
2019-09-12,61.215,62.093,61.151,61.7125,34518160,62.0695
2019-09-13,61.5675,62.044,61.3505,61.978,26027000,61.2545
2019-09-16,61.476,61.978,61.2805,61.565,21065980,60.95
2019-09-17,61.52,61.75,61.1845,61.4575,19162240,60.255
2019-09-18,61.3755,61.7805,60.8265,61.6205,22886660,58.8315
2019-09-19,61.603,62.222,61.601,61.9355,20003100,59.3915
2019-09-20,61.656,62.166,61.154,61.4965,46745380,60.45
2019-09-23,61.3,61.9545,61.2085,61.7015,21505060,60.384
2019-09-24,62.0,62.337,60.534,60.938,31835720,59.4565
2019-09-25,60.791,62.415,60.5045,62.326,31877500,60.1155
2019-09-26,62.098,62.25,61.6135,62.0695,31237640,60.4335
2019-09-27,62.1505,62.201,60.7225,61.2545,27088640,60.7725
2019-09-30,61.0485,61.3,60.615,60.95,28393520,60.857
2019-10-01,60.95,61.5615,60.179,60.255,27165580,62.1505
2019-10-02,59.849,59.8495,58.5645,58.8315,32784740,62.182
2019-10-03,59.0,59.453,58.1215,59.3915,33273120,62.6535
2019-10-04,59.5945,60.572,59.4585,60.45,23665280,62.2745
2019-10-07,60.22,60.91,60.1875,60.384,17342980,62.3075
2019-10-08,59.8795,60.304,59.4505,59.4565,22835680,62.14
2019-10-09,59.9675,60.4175,59.8815,60.1155,17532640,62.9565
2019-10-10,59.929,60.75,59.867,60.4335,18650620,63.0495
2019-10-11,61.1105,61.4195,60.687,60.7725,25542880,63.2565
2019-10-14,60.617,61.3165,60.588,60.857,17640780,64.5
2019-10-15,61.02,62.3665,61.02,62.1505,27905180,63.131
2019-10-16,62.0585,62.737,61.9225,62.182,23363480,63.0645
2019-10-17,62.5465,63.1665,62.497,62.6535,19610200,63.0055
2019-10-18,62.673,62.9445,62.054,62.2745,27056780,63.687
2019-10-21,62.613,62.7315,62.03,62.3075,20760840,64.5685
2019-10-22,62.3585,62.53,62.069,62.14,20957020,64.6015
2019-10-23,62.118,62.9945,62.118,62.9565,18571900,64.59
2019-10-24,63.045,63.2,62.686,63.0495,20797360,65.443
2019-10-25,62.5515,63.48,62.5005,63.2565,24261020,65.5685
2019-10-28,63.7725,64.9655,63.627,64.5,52264740,64.9595
2019-10-29,63.8115,64.0795,62.8605,63.131,37727600,64.94
2019-10-30,62.6485,63.468,62.6,63.0645,28177020,64.9
2019-10-31,63.064,63.3835,62.542,63.0055,29113020,65.573
2019-11-01,63.25,63.731,63.025,63.687,33401440,66.7435
2019-11-04,63.8225,64.7065,63.818,64.5685,30019280,66.035
2019-11-05,64.6445,64.9465,64.5615,64.6015,25654220,65.773
2019-11-06,64.473,64.6865,64.125,64.59,23059540,65.1525
2019-11-07,64.714,66.187,64.7125,65.443,40599400,65.0675
2019-11-08,65.264,65.9,65.2185,65.5685,25038320,64.767
2019-11-11,65.159,65.3215,64.8705,64.9595,20248580,65.3345
2019-11-12,65.0,65.5,64.7885,64.94,21717180,65.6775
2019-11-13,64.7035,65.215,64.6755,64.9,17077220,65.675
2019-11-14,64.875,65.85,64.7825,65.573,23886100,65.248
2019-11-15,65.947,66.744,65.714,66.7435,35659100,64.496
2019-11-18,66.611,66.7765,65.875,66.035,29761660,64.764
2019-11-19,66.385,66.385,65.64,65.773,25387440,66.027
2019-11-20,65.587,65.75,64.5575,65.1525,26196700,66.4065
2019-11-21,65.074,65.6295,64.65,65.0675,19909980,67.031
2019-11-22,65.281,65.4365,64.5705,64.767,27730120,67.1775
2019-11-25,64.959,65.5655,64.9065,65.3345,20729740,67.233
2019-11-26,65.493,65.74,65.2545,65.6775,21395900,67.251
2019-11-27,65.75,65.918,65.4815,65.675,19901460,67.5135
2019-11-29,65.356,65.5105,65.1985,65.248,11739620,67.3915
2019-12-02,65.05,65.2915,64.05,64.496,30237020,68.0585
2019-12-03,63.9785,64.923,63.95,64.764,25372940,67.756
2019-12-04,65.3505,66.29,65.2435,66.027,30762200,67.631
2019-12-05,66.4,66.468,65.822,66.4065,24256360,67.802
2019-12-06,66.672,67.2,66.672,67.031,26310200,67.4795
2019-12-09,66.902,67.9725,66.892,67.1775,27115900,67.442
2019-12-10,67.075,67.499,66.802,67.233,21893060,67.178
2019-12-11,67.542,67.56,67.1335,67.251,17015920,68.02
2019-12-12,67.297,67.789,67.025,67.5135,25634440,67.5945
2019-12-13,67.3975,67.6545,67.1935,67.3915,31000560,66.807
2019-12-16,67.825,68.234,67.6335,68.0585,27949020,66.851
2019-12-17,68.1445,68.25,67.566,67.756,37105180,68.3685
2019-12-18,67.83,68.0235,67.55,67.631,33141380,68.033
2019-12-19,67.591,67.905,67.4495,67.802,29402240,69.7105
2019-12-20,68.1675,68.182,67.45,67.4795,66338100,69.667
2019-12-23,67.7935,67.99,67.3255,67.442,17664000,70.216
2019-12-24,67.425,67.513,67.139,67.178,6950360,70.9915
2019-12-26,67.3085,68.0665,67.2235,68.02,13355080,71.4865
2019-12-27,68.1495,68.2265,67.4655,67.5945,20774360,71.9615
2019-12-30,67.5,67.65,66.701,66.807,21026460,71.544
2019-12-31,66.5055,66.9,66.4545,66.851,19249360,71.96
2020-01-02,67.0775,68.407,67.0775,68.3685,28134620,72.585
2020-01-03,67.393,68.625,67.277,68.033,23740120,74.0195
2020-01-06,67.5,69.825,67.5,69.7105,34662980,74.22
2020-01-07,69.897,70.1495,69.519,69.667,30233860,74.2975
2020-01-08,69.604,70.579,69.542,70.216,30583540,74.3325
2020-01-09,71.0285,71.3665,70.5135,70.9915,30053280,73.3355
2020-01-10,71.378,71.7465,70.9175,71.4865,36431320,71.695
2020-01-13,71.8065,72.026,71.301,71.9615,33069640,72.628
2020-01-14,71.9505,72.09,71.4185,71.544,31209060,72.9315
2020-01-15,71.5105,72.07,71.5105,71.96,25653700,72.792
2020-01-16,72.372,72.5995,72.046,72.585,23473760,71.7115
2020-01-17,73.1455,74.065,72.911,74.0195,47924300,74.297
2020-01-21,73.956,74.5925,73.56,74.22,40735600,72.3535
2020-01-22,74.55,75.1605,74.2465,74.2975,32216920,72.4115
2020-01-23,74.382,74.776,74.105,74.3325,27027080,73.8115
2020-01-24,74.6795,74.775,73.2625,73.3355,35692880,73.9615
2020-01-27,71.55,71.9035,71.06,71.695,35104020,75.434
2020-01-28,72.15,72.8,71.6235,72.628,31548440,75.4395
2020-01-29,72.94,73.2715,72.337,72.9315,21573340,75.9135
2020-01-30,71.998,72.864,71.82,72.792,26788420,75.733
2020-01-31,73.445,73.5065,71.4265,71.7115,48344280,76.037
2020-02-03,72.97,74.5,72.9495,74.297,61104320,75.9835
2020-02-04,72.8535,73.475,71.315,72.3535,78659080,76.3345
2020-02-05,73.121,73.192,71.528,72.4115,39723140,75.9075
2020-02-06,72.5165,74.1,72.4785,73.8115,33587680,74.2555
2020-02-07,73.365,74.292,73.3175,73.9615,23445400,71.0795
2020-02-10,73.716,75.475,73.716,75.434,28397520,69.4225
2020-02-11,75.5905,76.4815,75.282,75.4395,26892660,69.659
2020-02-12,75.724,76.035,75.4055,75.9135,23351300,65.9045
2020-02-13,75.6345,76.359,75.23,75.733,18594600,66.9665
2020-02-14,75.78,76.037,75.367,76.037,23956720,69.4555
2020-02-18,75.75,76.5815,75.6295,75.9835,22422800,67.0695
2020-02-19,76.2535,76.6055,76.07,76.3345,18985360,69.326
2020-02-20,76.1,76.482,75.341,75.9075,21931040,65.952
2020-02-21,75.4015,75.611,74.022,74.2555,34645460,64.9205
2020-02-24,71.3055,71.8485,70.5695,71.0795,57341060,60.778
2020-02-25,71.65,71.907,69.12,69.4225,49565560,64.0195
2020-02-26,69.807,70.785,68.95,69.659,44080740,60.7705
2020-02-27,67.9385,68.585,65.8585,65.9045,59566000,55.7455
2020-02-28,63.875,67.057,63.55,66.9665,75812360,60.9865
2020-03-02,67.5805,69.5435,66.341,69.4555,48629360,54.2165
2020-03-03,69.884,70.5075,66.6,67.0695,48046520,55.99
2020-03-04,67.9615,69.4045,67.1555,69.326,38266300,54.84
2020-03-05,67.51,67.9455,65.255,65.952,51225760,55.7645
2020-03-06,63.853,65.311,63.0525,64.9205,53212560,53.616
2020-03-09,60.265,62.738,60.0,60.778,67307300,52.831
2020-03-10,63.0,64.0575,60.9385,64.0195,52227460,56.723
2020-03-11,62.485,63.048,59.8035,60.7705,52224580,55.1245
2020-03-12,56.3,59.6935,55.665,55.7455,84534960,58.0875
2020-03-13,58.95,60.988,55.8572,60.9865,74002500,55.5355
2020-03-16,54.8,57.6133,53.722,54.2165,85047300,57.341
2020-03-17,54.6555,56.543,52.8005,55.99,77229780,58.1405
2020-03-18,52.8255,55.325,51.864,54.84,84668700,55.281
2020-03-19,54.6525,57.8985,53.0054,55.7645,73022120,56.042
2020-03-20,56.786,57.1995,53.2745,53.616,72035000,54.894
2020-03-23,53.066,53.566,50.6768,52.831,80882740,59.346
2020-03-24,55.1885,56.75,54.531,56.723,66889000,59.3255
2020-03-25,56.3235,57.445,54.3005,55.1245,81630560,60.514
2020-03-26,55.59,58.4985,54.6765,58.0875,71475100,60.5725
2020-03-27,56.2835,57.5335,55.2955,55.5355,64169900,60.878
2020-03-30,56.252,57.5815,54.824,57.341,51481220,63.4615
2020-03-31,57.365,58.7655,56.907,58.1405,49759660,63.1235
2020-04-01,56.1,56.4845,54.8725,55.281,46883460,63.1735
2020-04-02,54.913,56.343,54.82,56.042,39297620,64.1625
2020-04-03,55.9508,56.177,53.9905,54.894,46268000,63.3305
2020-04-06,56.9,59.733,56.547,59.346,53294460,60.817
2020-04-07,61.05,61.25,59.1115,59.3255,47746580,63.1605
2020-04-08,60.325,60.9535,59.408,60.514,39502700,63.8155
2020-04-09,61.204,61.2785,59.8368,60.5725,43508420,63.9655
2020-04-13,60.459,61.0255,59.3799,60.878,34796560,63.794
2020-04-14,62.2545,64.1035,61.8465,63.4615,49407060,61.6835
2020-04-15,62.2805,64.023,62.02,63.1235,33434060,67.074
2020-04-16,63.705,63.95,62.131,63.1735,50361980,67.433
2020-04-17,64.2425,64.7215,63.5615,64.1625,38980840,66.0305
2020-04-20,63.55,64.08,63.0685,63.3305,33909760,66.34
2020-04-21,62.35,62.7135,60.4855,60.817,43060060,67.5555
2020-04-22,62.277,64.2807,62.1,63.1605,41862800,67.365
2020-04-23,63.5775,64.6655,63.2835,63.8155,31324060,68.628
2020-04-24,63.0585,64.02,62.4725,63.9655,32807880,69.4185
2020-04-27,64.8,64.8075,63.45,63.794,32011260,70.163
2020-04-28,64.3965,64.4025,61.61,61.6835,59026180,68.787
2020-04-29,67.073,67.9995,66.267,67.074,75872600,67.4665
2020-04-30,66.244,67.641,66.1245,67.433,53378120,67.8065
2020-05-01,66.425,67.6035,65.55,66.0305,41452780,68.6595
2020-05-04,65.4115,66.383,64.95,66.34,30080340,69.197
2020-05-05,66.896,68.697,66.873,67.5555,33030660,68.6742
2020-05-06,68.0845,68.556,67.3645,67.365,24308460,70.336
2020-05-07,68.297,68.88,67.7635,68.628,27995180,70.14
2020-05-08,69.1565,69.938,68.774,69.4185,27761360,70.521
2020-05-11,68.914,70.8265,68.8576,70.163,28242320,70.851
2020-05-12,70.356,70.75,68.7385,68.787,27812000,70.892
2020-05-13,68.8525,69.2741,66.42,67.4665,36251700,70.8365
2020-05-14,66.751,67.871,66.1955,67.8065,32061540,71.446
2020-05-15,67.5,68.724,66.95,68.6595,34154940,71.591
2020-05-18,68.0875,69.6163,67.7125,69.197,36479280,71.961
2020-05-19,69.3498,69.6,68.6742,68.6742,25612980,71.819
2020-05-20,69.479,70.521,69.3625,70.336,33107500,70.609
2020-05-21,70.4,70.7745,69.6725,70.14,27703880,71.9195
2020-05-22,69.8355,70.638,69.5915,70.521,26188160,72.3305
2020-05-26,71.8635,72.05,70.6065,70.851,41212860,72.808
2020-05-27,70.8625,71.087,69.5645,70.892,33722840,73.2925
2020-05-28,69.843,72.042,69.8,70.8365,33879520,70.192
2020-05-29,70.847,71.6285,70.6675,71.446,36761180,70.659
2020-06-01,70.9195,71.898,70.9,71.591,24342800,70.9925
2020-06-02,71.5275,71.9805,70.9415,71.961,25562560,72.136
2020-06-03,71.915,72.3276,71.4889,71.819,25123720,72.556
2020-06-04,71.52,71.948,70.2365,70.609,29685440,71.798
2020-06-05,70.6585,72.2525,70.3,71.9195,34704880,71.586
2020-06-08,71.117,72.3995,71.117,72.3305,28083560,72.593
2020-06-09,72.268,73.4,72.1605,72.808,28184980,73.2205
2020-06-10,72.977,73.713,72.8135,73.2925,30503060,71.5985
2020-06-11,72.124,72.7238,70.1,70.192,39826640,72.0665
2020-06-12,71.4245,71.85,69.301,70.659,38927340,67.995
2020-06-15,69.54,71.24,69.396,70.9925,30121920,69.7485
2020-06-16,72.261,72.751,71.295,72.136,34232280,70.6805
2020-06-17,72.358,73.0,71.569,72.556,30992300,71.902
2020-06-18,72.458,72.5705,71.3505,71.798,31638320,73.235
2020-06-19,72.2,72.39,71.0675,71.586,63157500,74.785
2020-06-22,71.45,72.6375,71.1605,72.593,30848800,74.259
2020-06-23,72.782,73.797,72.262,73.2205,28595280,74.8
2020-06-24,73.0755,73.771,71.4875,71.5985,35120440,75.5495
2020-06-25,71.495,72.145,71.0,72.0665,24609480,77.087
2020-06-26,71.5695,71.6725,67.5995,67.995,85353960,75.567
2020-06-29,67.909,69.78,67.3505,69.7485,36203600,76.029
2020-06-30,69.522,70.9325,69.198,70.6805,40847620,75.682
2020-07-01,70.555,72.15,70.491,71.902,35503340,75.9
2020-07-02,72.347,74.1475,72.321,73.235,37189600,75.7775
2020-07-06,74.003,75.3295,73.643,74.785,31279940,78.286
2020-07-07,74.5,75.84,74.1775,74.259,29163440,77.921
2020-07-08,74.716,75.294,74.2815,74.8,24993160,78.4245
2020-07-09,75.3225,76.136,74.4042,75.5495,28466440,75.784
2020-07-10,75.3075,77.1915,74.827,77.087,37134080,75.5935
2020-07-13,77.5,78.8566,75.2621,75.567,36928480,76.51
2020-07-14,74.5155,76.1475,74.175,76.029,31700320,75.017
2020-07-15,76.1565,76.7665,74.9,75.682,32213680,76.101
2020-07-16,75.0,75.9345,74.3155,75.9,30386900,76.5725
2020-07-17,76.081,76.172,74.921,75.7775,29140200,74.148
2020-07-20,75.763,78.5145,75.18,78.286,31145040,73.7225
2020-07-21,79.3495,79.3495,77.714,77.921,24372900,73.2485
2020-07-22,78.025,78.5,77.305,78.4245,18639700,73.6805
2020-07-23,78.3485,78.5935,75.3696,75.784,32552680,75.005
2020-07-24,74.9465,75.8818,74.42,75.5935,30888080,74.7245
2020-07-27,75.78,77.0485,75.7605,76.51,24919600,74.805
2020-07-28,76.259,76.324,74.883,75.017,34043480,74.016
2020-07-29,75.316,76.5626,75.0665,76.101,22130680,75.331
2020-07-30,74.85,76.8935,74.611,76.5725,33427920,75.9225
2020-07-31,75.2505,75.4475,72.7015,74.148,68580720,75.3865
2020-08-03,74.332,74.5235,73.282,73.7225,46630280,75.899
2020-08-04,73.8285,74.278,72.9325,73.2485,38069780,77.93
2020-08-05,73.465,74.1205,73.173,73.6805,39599140,77.3765
2020-08-06,73.5875,75.1195,73.3,75.005,39907360,79.0875
2020-08-07,75.0,75.8423,74.082,74.7245,31556520,79.021
2020-08-10,74.359,75.2038,73.654,74.805,25790600,79.41
2020-08-11,74.622,75.5,73.9,74.016,29087300,80.411
2020-08-12,74.279,75.6193,74.2625,75.331,28753100,82.619
2020-08-13,75.517,76.8625,75.4002,75.9225,29104160,81.7165
2020-08-14,75.783,76.095,75.144,75.3865,27104000,82.2205
2020-08-17,75.7335,76.2805,75.3985,75.899,27572000,81.709
2020-08-18,76.309,78.1235,76.1855,77.93,40541720,83.0355
2020-08-19,77.6655,78.684,77.1975,77.3765,33212220,86.414
2020-08-20,77.1725,79.2935,76.91,79.0875,34137540,82.092
2020-08-21,78.8515,79.886,78.4002,79.021,28929060,79.552
2020-08-24,79.699,80.7085,79.0285,79.41,28204580,76.6195
2020-08-25,79.1035,80.581,79.1035,80.411,42641680,77.848
2020-08-26,80.4,82.961,80.18,82.619,71621440,76.601
2020-08-27,82.684,82.75,81.2875,81.7165,37232040,76.036
2020-08-28,81.6745,82.3585,81.5375,82.2205,29995640,75.964
2020-08-31,82.3945,82.3982,81.5155,81.709,36468120,77.072
2020-09-01,81.8315,83.2865,81.611,83.0355,36533100,76.045
2020-09-02,83.6888,86.659,83.3165,86.414,50223600,74.7765
2020-09-03,85.4857,85.4857,80.753,82.092,62155260,72.9995
2020-09-04,81.213,82.2555,77.3806,79.552,52171360,71.558
2020-09-08,76.6755,78.1933,76.4005,76.6195,52217680,73.273
2020-09-09,77.8765,78.45,76.8026,77.848,35494080,70.7605
2020-09-10,78.032,79.204,76.2902,76.601,32371140,71.4145
2020-09-11,76.8,78.76,74.868,76.036,31941740,72.248
2020-09-14,76.9503,78.2,75.787,75.964,33931780,73.226
2020-09-15,76.8,77.9785,76.5918,77.072,26621640,73.4665
2020-09-16,77.777,78.1,75.991,76.045,26245980,73.48
2020-09-17,74.8,75.4149,73.5,74.7765,37595020,74.5045
2020-09-18,74.9005,75.1502,71.8565,72.9995,62077640,72.921
2020-09-21,72.003,72.418,70.3275,71.558,57776540,74.301
2020-09-22,72.5045,73.476,71.7265,73.273,31664020,72.672
2020-09-23,72.939,73.048,70.385,70.7605,33147000,73.0145
2020-09-24,70.5515,72.1854,70.4925,71.4145,29004320,74.2965
2020-09-25,71.6315,72.5,70.667,72.248,26467500,75.761
2020-09-28,73.7105,73.84,72.4651,73.226,40158820,78.4575
2020-09-29,73.5195,73.8332,72.9403,73.4665,19582040,78.584
2020-09-30,73.34,74.4875,72.994,73.48,34032160,78.404
2020-10-01,74.2135,74.952,73.9605,74.5045,35589940,77.9565
2020-10-02,73.1015,74.16,72.546,72.921,25681420,78.6505
2020-10-05,73.3105,74.4105,73.2135,74.301,22265140,76.7305
2020-10-06,73.779,74.338,72.4295,72.672,24908460,77.7965
2020-10-07,73.2145,73.448,71.8,73.0145,34923120,79.6655
2020-10-08,73.2545,74.5,73.2545,74.2965,23756620,80.7665
2020-10-09,74.735,75.826,74.4725,75.761,28710840,82.05
2020-10-12,77.15,79.693,76.6285,78.4575,49651200,79.5225
2020-10-13,79.1865,79.5,78.16,78.584,32020860,80.213
2020-10-14,78.9295,79.3842,77.5265,78.404,38619800,75.831
2020-10-15,77.3575,78.7552,77.2515,77.9565,30816340,78.362
2020-10-16,78.2925,79.0565,78.15,78.6505,28702740,81.0505
2020-10-19,79.023,79.4075,76.4,76.7305,32141500,81.3015
2020-10-20,76.3525,78.875,76.2835,77.7965,44851440,82.5105
2020-10-21,78.6665,80.9365,78.5815,79.6655,51366900,87.4565
2020-10-22,79.6525,81.0995,79.25,80.7665,28680840,88.1685
2020-10-23,81.3035,82.118,81.0255,82.05,27516880,88.0875
2020-10-26,81.2505,81.912,78.825,79.5225,37065080,88.15
2020-10-27,79.7835,80.3423,79.139,80.213,24580040,87.0195
2020-10-28,77.987,78.0675,75.731,75.831,36679180,87.6355
2020-10-29,76.118,79.6855,76.112,78.362,40061280,87.492
2020-10-30,83.6055,84.35,80.223,81.0505,86617240,88.851
2020-11-02,81.408,83.0385,80.8015,81.3015,50708920,89.069
2020-11-03,81.589,83.085,80.831,82.5105,33233060,88.5075
2020-11-04,85.514,88.5683,85.3015,87.4565,71418540,87.339
2020-11-05,89.05,89.682,87.5255,88.1685,41316240,88.196
2020-11-06,87.6975,88.6215,87.0175,88.0875,33224500,87.1095
2020-11-09,89.545,90.903,88.001,88.15,45365400,86.743
2020-11-10,86.5545,88.15,85.865,87.0195,52722840,88.444
2020-11-11,87.5,88.211,87.3682,87.6355,25279320,88.5715
2020-11-12,87.3815,88.4135,87.28,87.492,24975080,89.6595
2020-11-13,87.8815,89.052,87.2275,88.851,30011480,88.037
2020-11-16,88.585,89.9535,88.3845,89.069,24935700,89.905
2020-11-17,88.847,89.25,88.35,88.5075,22942280,91.3975
2020-11-18,88.2615,88.6735,87.307,87.339,23469320,91.3385
2020-11-19,86.919,88.4795,86.8502,88.196,24998200,91.3995
2020-11-20,88.2605,88.7,87.093,87.1095,46273100,90.974
2020-11-23,87.48,87.695,85.886,86.743,43239500,90.9275
2020-11-24,86.525,88.58,86.3845,88.444,31594060,89.2065
2020-11-25,88.6445,88.927,87.827,88.5715,20922440,88.7665
2020-11-27,88.6545,90.2,88.622,89.6595,17698320,89.0885
2020-11-30,89.0592,89.4032,87.75,88.037,36476720,88.003
2020-12-01,88.7185,91.2415,88.4685,89.905,34780900,88.3885
2020-12-02,89.905,91.7825,89.4736,91.3975,24440640,88.15
2020-12-03,91.2005,92.36,91.1325,91.3385,24545960,87.395
2020-12-04,91.226,91.658,90.8495,91.3995,27563320,86.5505
2020-12-07,90.95,91.6185,90.289,90.974,26411140,86.9685
2020-12-08,90.505,91.095,89.8102,90.9275,21903000,86.175
2020-12-09,90.6005,91.7135,88.3905,89.2065,30138720,86.619
2020-12-10,88.49,89.0655,87.016,88.7665,27256960,86.9425
2020-12-11,88.153,89.2225,88.0,89.0885,24413020,88.8045
2020-12-14,88.75,89.8695,87.8608,88.003,32003460,87.936
2020-12-15,88.221,88.571,87.4975,88.3885,29645220,86.976
2020-12-16,88.644,88.65,87.804,88.15,30270860,87.594
2020-12-17,88.4255,88.5892,86.933,87.395,32494880,
2020-12-18,87.709,87.7555,86.011,86.5505,80327060,
2020-12-21,85.6755,87.0425,84.95,86.9685,36567560,
2020-12-22,86.7215,86.8702,85.6288,86.175,18766920,
2020-12-23,86.4055,87.3995,86.252,86.619,20678340,
2020-12-24,86.75,87.3,86.4555,86.9425,6935060,
2020-12-28,87.5818,89.5364,87.3168,88.8045,27860660,
2020-12-29,89.3895,89.622,87.8045,87.936,25987900,
2020-12-30,88.1005,88.2548,86.28,86.976,26122600,
2020-12-31,86.771,87.9465,86.771,87.594,20244800,
